Squad,Player,Nation,Pos,Age,MP,Starts,Min,90s,Gls,Ast,G+A,G-PK,PK,PKatt,CrdY,CrdR,xG,npxG,xAG,npxG+xAG,Position,Footed,Height,Weight,Wages
Arsenal,William Saliba,FRA,DF,22.0,28.0,28.0,2520.0,28.0,2.0,1.0,3.0,2.0,0.0,0.0,3.0,0.0,1.5,1.5,0.2,1.7,DF,Right,193.0,76.0,"￡ 190,000"
Arsenal,Declan Rice,ENG,MF,25.0,28.0,28.0,2391.0,26.6,6.0,5.0,11.0,6.0,0.0,0.0,3.0,0.0,2.2,2.2,3.7,5.9,DF-MF,Right,185.0,77.0,"￡ 240,000"
Arsenal,Bukayo Saka,ENG,FW,22.0,27.0,27.0,2262.0,25.1,13.0,8.0,21.0,9.0,4.0,4.0,3.0,0.0,11.5,8.4,8.2,16.6,FW-MF,Left,178.0,64.0,"￡ 195,000"
Arsenal,Martin Odegaard,NOR,MF,25.0,25.0,25.0,2208.0,24.5,6.0,6.0,12.0,4.0,2.0,2.0,2.0,0.0,5.6,4.0,6.2,10.1,FW-MF,Left,179.0,68.0,"￡ 240,000"
Arsenal,Ben White,ENG,DF,26.0,27.0,25.0,2134.0,23.7,2.0,4.0,6.0,2.0,0.0,0.0,5.0,0.0,0.7,0.7,2.3,3.0,DF,Right,182.0,73.0,"￡ 150,000"
Arsenal,Gabriel Dos Santos,BRA,DF,26.0,26.0,24.0,2176.0,24.2,4.0,0.0,4.0,4.0,0.0,0.0,3.0,0.0,3.3,3.3,0.7,3.9,DF,Left,190.0,78.0,"￡ 100,000"
Arsenal,Gabriel Martinelli,BRA,FW,22.0,25.0,23.0,1749.0,19.4,6.0,4.0,10.0,6.0,0.0,0.0,1.0,0.0,5.6,5.6,5.2,10.8,FW-MF,Right,180.0,74.0,"￡ 180,000"
Arsenal,David Raya,ESP,GK,28.0,22.0,22.0,1980.0,22.0,0.0,0.0,0.0,0.0,0.0,0.0,0.0,0.0,0.0,0.0,0.0,0.0,GK,Right,186.0,81.0,"￡ 85,000"
Arsenal,Kai Havertz,GER,"MF,FW",24.0,27.0,20.0,1779.0,19.8,8.0,3.0,11.0,7.0,1.0,1.0,7.0,0.0,7.8,7.0,1.9,8.9,FW-MF,Left,186.0,77.0,"￡ 280,000"
Arsenal,Oleksandr Zinchenko,UKR,DF,27.0,22.0,17.0,1440.0,16.0,1.0,2.0,3.0,1.0,0.0,0.0,2.0,0.0,0.5,0.5,1.8,2.3,DF-MF,Left,175.0,60.0,"￡ 150,000"
Arsenal,Gabriel Jesus,BRA,FW,26.0,19.0,13.0,1141.0,12.7,4.0,3.0,7.0,4.0,0.0,0.0,5.0,0.0,5.4,5.4,2.6,8.0,FW-MF,Right,177.0,72.0,"￡ 265,000"
Arsenal,Eddie Nketiah,ENG,FW,24.0,24.0,10.0,1052.0,11.7,5.0,2.0,7.0,5.0,0.0,0.0,3.0,0.0,4.4,4.4,0.8,5.2,FW,Right,175.0,66.0,"￡ 100,000"
Arsenal,Leandro Trossard,BEL,"FW,MF",29.0,24.0,10.0,1020.0,11.3,7.0,1.0,8.0,7.0,0.0,0.0,0.0,0.0,5.3,5.3,1.9,7.2,FW-MF,Right,172.0,60.0,"￡ 90,000"
Arsenal,Jakub Kiwior,POL,DF,24.0,16.0,9.0,788.0,8.8,1.0,3.0,4.0,1.0,0.0,0.0,1.0,0.0,0.8,0.8,0.8,1.7,DF-MF,Left,182.0,78.0,"￡ 58,000"
Arsenal,Jorginho,ITA,MF,32.0,18.0,8.0,728.0,8.1,0.0,1.0,1.0,0.0,0.0,0.0,1.0,0.0,0.1,0.1,0.9,1.0,MF,Right,180.0,64.0,"￡ 110,000"
Arsenal,Aaron Ramsdale,ENG,GK,25.0,6.0,6.0,540.0,6.0,0.0,0.0,0.0,0.0,0.0,0.0,0.0,0.0,0.0,0.0,0.0,0.0,GK,Right,195.0,79.0,"￡ 120,000"
Arsenal,Takehiro Tomiyasu,JPN,DF,25.0,13.0,5.0,634.0,7.0,1.0,1.0,2.0,1.0,0.0,0.0,2.0,1.0,0.5,0.5,0.2,0.7,DF,Right,185.0,78.0,"￡ 55,000"
Arsenal,Thomas Partey,GHA,"DF,MF",30.0,6.0,3.0,278.0,3.1,0.0,0.0,0.0,0.0,0.0,0.0,0.0,0.0,0.1,0.1,0.1,0.2,MF,Right,185.0,78.0,"￡ 200,000"
Arsenal,Fabio Vieira,POR,"MF,FW",23.0,9.0,2.0,286.0,3.2,1.0,2.0,3.0,0.0,1.0,1.0,0.0,1.0,1.2,0.4,1.4,1.8,MF,Left,170.0,66.0,"￡ 45,000"
Arsenal,Emile Smith Rowe,ENG,MF,23.0,10.0,2.0,235.0,2.6,0.0,1.0,1.0,0.0,0.0,0.0,0.0,0.0,1.5,1.5,0.2,1.7,FW-MF,Right,182.0,72.0,"￡ 40,000"
Arsenal,Jurrien Timber,NED,DF,22.0,1.0,1.0,49.0,0.5,0.0,0.0,0.0,0.0,0.0,0.0,1.0,0.0,0.0,0.0,0.0,0.0,DF,Right,179.0,78.0,"￡ 90,000"
Arsenal,Reiss Nelson,ENG,"FW,MF",24.0,14.0,0.0,194.0,2.2,0.0,0.0,0.0,0.0,0.0,0.0,1.0,0.0,0.1,0.1,0.6,0.7,FW-MF,Right,175.0,68.0,"￡ 100,000"
Arsenal,Cedric Soares,POR,DF,32.0,3.0,0.0,62.0,0.7,0.0,0.0,0.0,0.0,0.0,0.0,0.0,0.0,0.0,0.0,0.0,0.0,DF-MF,Right,169.0,64.0,"￡ 75,000"
Arsenal,Mohamed Elneny,EGY,MF,31.0,3.0,0.0,28.0,0.3,0.0,0.0,0.0,0.0,0.0,0.0,0.0,0.0,0.1,0.1,0.0,0.1,MF,Right,180.0,77.0,"￡ 55,000"
Arsenal,Ethan Nwaneri,ENG,FW,16.0,1.0,0.0,14.0,0.2,0.0,0.0,0.0,0.0,0.0,0.0,0.0,0.0,0.0,0.0,0.0,0.0,M,unknown,180.0,82.0,0
Arsenal,Mauro Bandeira,POR,MF,20.0,0.0,0.0,0.0,0.0,0.0,0.0,0.0,0.0,0.0,0.0,0.0,0.0,0.0,0.0,0.0,0.0,unknown,unknown,182.1,73.7,0
Arsenal,Bradley Ibrahim,ENG,MF,19.0,0.0,0.0,0.0,0.0,0.0,0.0,0.0,0.0,0.0,0.0,0.0,0.0,0.0,0.0,0.0,0.0,unknown,unknown,182.1,73.7,0
Arsenal,Karl Jakob Hein,EST,GK,21.0,0.0,0.0,0.0,0.0,0.0,0.0,0.0,0.0,0.0,0.0,0.0,0.0,0.0,0.0,0.0,0.0,unknown,unknown,182.1,73.7,0
Arsenal,Myles Lewis-skelly,ENG,MF,17.0,0.0,0.0,0.0,0.0,0.0,0.0,0.0,0.0,0.0,0.0,0.0,0.0,0.0,0.0,0.0,0.0,M,unknown,178.0,73.7,0
Arsenal,Charles Sagoe Jr,ENG,FW,19.0,0.0,0.0,0.0,0.0,0.0,0.0,0.0,0.0,0.0,0.0,0.0,0.0,0.0,0.0,0.0,0.0,unknown,unknown,182.1,73.7,0
Arsenal,James Sweet,WAL,DF,20.0,0.0,0.0,0.0,0.0,0.0,0.0,0.0,0.0,0.0,0.0,0.0,0.0,0.0,0.0,0.0,0.0,unknown,unknown,182.1,73.7,0
Arsenal,Reuell Walters,ENG,DF,19.0,0.0,0.0,0.0,0.0,0.0,0.0,0.0,0.0,0.0,0.0,0.0,0.0,0.0,0.0,0.0,0.0,D,unknown,183.0,73.7,0
Liverpool,Virgil Van Dijk,NED,DF,32.0,26.0,26.0,2277.0,25.3,2.0,2.0,4.0,2.0,0.0,0.0,1.0,1.0,2.1,2.1,1.5,3.6,DF,Right,193.0,87.0,"￡ 220,000"
Liverpool,Luis Diaz,COL,FW,27.0,27.0,22.0,1836.0,20.4,6.0,3.0,9.0,6.0,0.0,0.0,2.0,0.0,8.6,8.6,2.9,11.5,FW-MF,Right,180.0,72.0,"￡ 55,000"
Liverpool,Alexis Mac Allister,ARG,MF,25.0,23.0,22.0,1809.0,20.1,3.0,4.0,7.0,2.0,1.0,1.0,5.0,1.0,2.0,1.2,2.0,3.3,MF,Right,174.0,72.0,"￡ 150,000"
Liverpool,Alisson,BRA,GK,31.0,21.0,21.0,1890.0,21.0,0.0,0.0,0.0,0.0,0.0,0.0,1.0,0.0,0.0,0.0,0.0,0.0,GK,Right,193.0,91.0,"￡ 150,000"
Liverpool,Dominik Szoboszlai,HUN,MF,23.0,23.0,21.0,1732.0,19.2,3.0,2.0,5.0,3.0,0.0,0.0,1.0,0.0,2.4,2.4,4.3,6.7,FW-MF,Right,186.0,73.0,"￡ 120,000"
Liverpool,Mohamed Salah,EGY,FW,31.0,22.0,20.0,1816.0,20.2,15.0,9.0,24.0,11.0,4.0,6.0,2.0,0.0,15.0,10.1,9.4,19.5,FW-MF,Left,175.0,71.0,"￡ 350,000"
Liverpool,Trent Alexander-arnold,ENG,DF,25.0,21.0,19.0,1622.0,18.0,2.0,4.0,6.0,2.0,0.0,0.0,5.0,0.0,1.8,1.5,5.5,7.0,DF,Right,175.0,68.0,"￡ 180,000"
Liverpool,Darwin Nunez,URU,FW,24.0,26.0,17.0,1571.0,17.5,10.0,7.0,17.0,10.0,0.0,1.0,8.0,0.0,13.5,12.7,5.3,18.0,FW,Right,187.0,79.0,"￡ 140,000"
Liverpool,Joe Gomez,ENG,DF,26.0,24.0,14.0,1452.0,16.1,0.0,1.0,1.0,0.0,0.0,0.0,4.0,0.0,0.6,0.6,0.9,1.5,DF,Right,188.0,77.0,"￡ 85,000"
Liverpool,Ibrahima Konate,FRA,DF,24.0,19.0,14.0,1332.0,14.8,0.0,0.0,0.0,0.0,0.0,0.0,5.0,1.0,0.4,0.4,0.4,0.9,DF,Right,193.0,83.0,"￡ 70,000"
Liverpool,Diogo Jota,POR,FW,27.0,19.0,13.0,1047.0,11.6,9.0,3.0,12.0,9.0,0.0,0.0,3.0,1.0,4.4,4.4,2.9,7.3,FW-MF,Right,178.0,69.0,"￡ 140,000"
Liverpool,Cody Gakpo,NED,"FW,MF",24.0,26.0,12.0,1163.0,12.9,5.0,3.0,8.0,5.0,0.0,0.0,0.0,0.0,6.0,6.0,0.7,6.8,FW-MF,Right,187.0,78.0,"￡ 120,000"
Liverpool,Wataru Endo,JPN,MF,31.0,20.0,12.0,1094.0,12.2,1.0,0.0,1.0,1.0,0.0,0.0,7.0,0.0,0.3,0.3,1.6,2.0,DF-MF,Right,178.0,74.0,"￡ 50,000"
Liverpool,Curtis Jones,ENG,MF,23.0,17.0,12.0,956.0,10.6,1.0,1.0,2.0,1.0,0.0,0.0,1.0,1.0,1.8,1.8,0.5,2.3,MF,Right,185.0,72.0,"￡ 15,000"
Liverpool,Andrew Robertson,SCO,DF,30.0,15.0,11.0,1066.0,11.8,1.0,1.0,2.0,1.0,0.0,0.0,2.0,0.0,0.7,0.7,2.7,3.4,DF-MF,Left,178.0,63.0,"￡ 100,000"
Liverpool,Ryan Gravenberch,NED,MF,21.0,19.0,9.0,845.0,9.4,0.0,0.0,0.0,0.0,0.0,0.0,0.0,0.0,1.5,1.5,0.8,2.3,MF,Right,190.0,78.0,"￡ 150,000"
Liverpool,Joel Matip,CMR,DF,32.0,10.0,9.0,781.0,8.7,0.0,0.0,0.0,0.0,0.0,0.0,2.0,0.0,0.5,0.5,0.1,0.6,DF-MF,Right,182.1,73.7,"￡ 100,000"
Liverpool,Kostas Tsimikas,GRE,DF,27.0,12.0,8.0,672.0,7.5,0.0,3.0,3.0,0.0,0.0,0.0,0.0,0.0,0.1,0.1,1.0,1.1,DF,Left,177.0,69.0,"￡ 75,000"
Liverpool,Caoimhin Kelleher,IRL,GK,25.0,7.0,7.0,630.0,7.0,0.0,0.0,0.0,0.0,0.0,0.0,0.0,0.0,0.0,0.0,0.0,0.0,GK,Right,188.0,81.0,"￡ 10,000"
Liverpool,Harvey Elliott,ENG,"MF,FW",20.0,24.0,6.0,838.0,9.3,2.0,2.0,4.0,2.0,0.0,0.0,1.0,0.0,1.3,1.3,2.4,3.7,FW-MF,Left,170.0,67.0,"￡ 40,000"
Liverpool,Jarell Quansah,ENG,DF,21.0,9.0,6.0,533.0,5.9,0.0,0.0,0.0,0.0,0.0,0.0,1.0,0.0,0.1,0.1,0.0,0.1,D,unknown,197.0,79.0,0
Liverpool,Conor Bradley,NIR,DF,20.0,6.0,6.0,441.0,4.9,1.0,3.0,4.0,1.0,0.0,0.0,1.0,0.0,0.7,0.7,1.1,1.8,DF-MF,Right,181.0,68.0,"￡ 10,000"
Liverpool,Bobby Clark,ENG,MF,19.0,5.0,1.0,89.0,1.0,0.0,0.0,0.0,0.0,0.0,0.0,0.0,0.0,0.1,0.1,0.0,0.1,M,unknown,178.0,73.7,0
Liverpool,Ben Doak,SCO,FW,18.0,1.0,0.0,14.0,0.2,0.0,0.0,0.0,0.0,0.0,0.0,0.0,0.0,0.0,0.0,0.0,0.0,F,unknown,182.1,73.7,0
Liverpool,Jayden Danns,ENG,FW,18.0,2.0,0.0,9.0,0.1,0.0,0.0,0.0,0.0,0.0,0.0,1.0,0.0,0.0,0.0,0.0,0.0,unknown,unknown,182.1,73.7,0
Liverpool,Owen Beck,WAL,DF,21.0,1.0,0.0,8.0,0.1,0.0,0.0,0.0,0.0,0.0,0.0,0.0,0.0,0.0,0.0,0.0,0.0,DF,unknown,177.0,58.0,0
Liverpool,Thiago Alcantara,ESP,MF,32.0,1.0,0.0,6.0,0.1,0.0,0.0,0.0,0.0,0.0,0.0,0.0,0.0,0.0,0.0,0.0,0.0,MF,Right,172.0,59.0,"￡ 200,000"
Liverpool,James Mcconnell,ENG,MF,19.0,3.0,0.0,4.0,0.0,0.0,0.0,0.0,0.0,0.0,0.0,0.0,0.0,0.0,0.0,0.0,0.0,unknown,unknown,182.1,73.7,0
Liverpool,Kaide Gordon,ENG,FW,19.0,1.0,0.0,1.0,0.0,0.0,0.0,0.0,0.0,0.0,0.0,0.0,0.0,0.0,0.0,0.0,0.0,FW,Left,179.0,63.0,0
Liverpool,Adrian,ESP,GK,37.0,0.0,0.0,0.0,0.0,0.0,0.0,0.0,0.0,0.0,0.0,0.0,0.0,0.0,0.0,0.0,0.0,GK,Right,190.0,83.0,"￡ 60,000"
Liverpool,Stefan Bajcetic,ESP,DF,19.0,0.0,0.0,0.0,0.0,0.0,0.0,0.0,0.0,0.0,0.0,0.0,0.0,0.0,0.0,0.0,0.0,D,unknown,185.0,73.7,0
Liverpool,Luke Chambers,ENG,DF,19.0,0.0,0.0,0.0,0.0,0.0,0.0,0.0,0.0,0.0,0.0,0.0,0.0,0.0,0.0,0.0,0.0,D,unknown,182.1,73.7,0
Liverpool,Lewis Koumas,WAL,MF,18.0,0.0,0.0,0.0,0.0,0.0,0.0,0.0,0.0,0.0,0.0,0.0,0.0,0.0,0.0,0.0,0.0,unknown,unknown,182.1,73.7,0
Liverpool,Fabian Mrozek,POL,GK,20.0,0.0,0.0,0.0,0.0,0.0,0.0,0.0,0.0,0.0,0.0,0.0,0.0,0.0,0.0,0.0,0.0,unknown,unknown,182.1,73.7,0
Liverpool,Amara Nallo,ENG,DF,17.0,0.0,0.0,0.0,0.0,0.0,0.0,0.0,0.0,0.0,0.0,0.0,0.0,0.0,0.0,0.0,0.0,unknown,unknown,182.1,73.7,0
Liverpool,Trey Nyoni,ENG,MF,16.0,0.0,0.0,0.0,0.0,0.0,0.0,0.0,0.0,0.0,0.0,0.0,0.0,0.0,0.0,0.0,0.0,unknown,unknown,182.1,73.7,0
Liverpool,Marcelo Pitaluga,BRA,GK,21.0,0.0,0.0,0.0,0.0,0.0,0.0,0.0,0.0,0.0,0.0,0.0,0.0,0.0,0.0,0.0,0.0,G,unknown,192.0,78.0,0
Liverpool,Calum Scanlon,ENG,MF,19.0,0.0,0.0,0.0,0.0,0.0,0.0,0.0,0.0,0.0,0.0,0.0,0.0,0.0,0.0,0.0,0.0,unknown,unknown,182.1,73.7,0
Manchester,Ederson,BRA,GK,30.0,27.0,27.0,2312.0,25.7,0.0,0.0,0.0,0.0,0.0,0.0,5.0,0.0,0.0,0.0,0.1,0.1,GK,Left,188.0,88.0,"￡ 100,000"
Manchester,Phil Foden,ENG,"FW,MF",23.0,28.0,26.0,2309.0,25.7,11.0,7.0,18.0,11.0,0.0,0.0,1.0,0.0,8.5,8.5,6.2,14.8,FW-MF,Left,169.0,69.0,"￡ 225,000"
Manchester,Julian Alvarez,ARG,"MF,FW",24.0,28.0,26.0,2197.0,24.4,8.0,7.0,15.0,7.0,1.0,1.0,2.0,0.0,9.0,8.2,6.2,14.5,FW-MF,Right,173.0,69.0,"￡ 100,000"
Manchester,Kyle Walker,ENG,DF,33.0,26.0,25.0,2260.0,25.1,0.0,2.0,2.0,0.0,0.0,0.0,2.0,0.0,0.4,0.4,2.3,2.7,DF-MF,Right,178.0,73.0,"￡ 175,000"
Manchester,Rodri,ESP,MF,27.0,25.0,25.0,2166.0,24.1,6.0,5.0,11.0,6.0,0.0,0.0,8.0,1.0,3.3,3.3,2.6,5.8,DF-MF,Right,190.0,78.0,"￡ 220,000"
Manchester,Erling Haaland,NOR,FW,23.0,23.0,22.0,1922.0,21.4,18.0,5.0,23.0,15.0,3.0,4.0,1.0,0.0,20.9,17.8,3.8,21.6,FW-MF,Left,191.0,87.0,"￡ 375,000"
Manchester,Ruben Dias,POR,DF,26.0,23.0,21.0,1929.0,21.4,0.0,0.0,0.0,0.0,0.0,0.0,0.0,0.0,1.1,1.1,0.2,1.3,DF-MF,Right,186.0,82.0,"￡ 180,000"
Manchester,Bernardo Silva,POR,"MF,FW",29.0,24.0,21.0,1897.0,21.1,6.0,4.0,10.0,6.0,0.0,0.0,7.0,0.0,2.9,2.9,5.6,8.5,FW-MF,Left,173.0,64.0,"￡ 300,000"
Manchester,Nathan Ake,NED,DF,29.0,23.0,19.0,1727.0,19.2,2.0,2.0,4.0,2.0,0.0,0.0,0.0,0.0,1.6,1.6,1.2,2.9,DF-MF,Left,180.0,74.0,"￡ 160,000"
Manchester,Manuel Akanji,SUI,"DF,MF",28.0,20.0,19.0,1676.0,18.6,2.0,0.0,2.0,2.0,0.0,0.0,4.0,1.0,0.9,0.9,0.2,1.1,DF-MF,Right,187.0,84.0,"￡ 180,000"
Manchester,Josko Gvardiol,CRO,DF,22.0,18.0,16.0,1473.0,16.4,0.0,0.0,0.0,0.0,0.0,0.0,2.0,0.0,1.0,1.0,0.9,1.8,DF,Left,185.0,82.0,"￡ 200,000"
Manchester,Jeremy Doku,BEL,"FW,MF",21.0,20.0,14.0,1199.0,13.3,2.0,5.0,7.0,2.0,0.0,0.0,3.0,0.0,1.4,1.4,3.4,4.8,FW-MF,Right,171.0,59.0,"￡ 50,000"
Manchester,John Stones,ENG,"DF,MF",29.0,14.0,11.0,952.0,10.6,1.0,0.0,1.0,1.0,0.0,0.0,2.0,0.0,1.0,1.0,0.2,1.2,DF,Right,188.0,69.0,"￡ 250,000"
Manchester,Mateo Kovacic,CRO,MF,29.0,20.0,10.0,971.0,10.8,0.0,0.0,0.0,0.0,0.0,0.0,3.0,0.0,0.8,0.8,1.2,1.9,MF,Right,181.0,74.0,"￡ 150,000"
Manchester,Jack Grealish,ENG,FW,28.0,14.0,7.0,707.0,7.9,3.0,1.0,4.0,3.0,0.0,0.0,5.0,0.0,1.9,1.9,2.1,4.0,FW-MF,Right,175.0,68.0,"￡ 300,000"
Manchester,Matheus Nunes,POR,"MF,FW",25.0,11.0,6.0,505.0,5.6,0.0,2.0,2.0,0.0,0.0,0.0,0.0,0.0,0.4,0.4,1.0,1.4,MF,Right,183.0,78.0,"￡ 130,000"
Manchester,Kevin De Bruyne,BEL,MF,32.0,9.0,6.0,493.0,5.5,1.0,5.0,6.0,1.0,0.0,0.0,1.0,0.0,1.0,1.0,5.2,6.3,FW-MF,Right,181.0,69.0,"￡ 400,000"
Manchester,Rico Lewis,ENG,"MF,DF",19.0,10.0,5.0,454.0,5.0,1.0,0.0,1.0,1.0,0.0,0.0,1.0,0.0,0.3,0.3,0.5,0.8,D,unknown,170.0,64.0,0
Manchester,Stefan Ortega,GER,GK,31.0,3.0,1.0,208.0,2.3,0.0,0.0,0.0,0.0,0.0,0.0,0.0,0.0,0.0,0.0,0.0,0.0,GK,Right,186.0,87.0,"￡ 55,000"
Manchester,Oscar Bobb,NOR,"FW,MF",20.0,9.0,1.0,180.0,2.0,1.0,1.0,2.0,1.0,0.0,0.0,0.0,0.0,1.3,1.3,0.9,2.2,FW-M,unknown,174.0,73.7,0
Manchester,Kalvin Phillips,ENG,MF,28.0,4.0,0.0,93.0,1.0,0.0,0.0,0.0,0.0,0.0,0.0,0.0,0.0,0.1,0.1,0.0,0.1,DF-MF,Right,177.0,68.0,￡ 
Manchester,Sergio Gomez,ESP,FW,23.0,3.0,0.0,20.0,0.2,0.0,1.0,1.0,0.0,0.0,0.0,0.0,0.0,0.0,0.0,0.2,0.2,DF-MF,Left,170.0,63.0,"￡ 50,000"
Manchester,Aymeric Laporte,ESP,DF,29.0,1.0,0.0,12.0,0.1,0.0,0.0,0.0,0.0,0.0,0.0,0.0,0.0,0.0,0.0,0.0,0.0,DF,Left,189.0,84.0,"￡ 120,000"
Manchester,Cole Palmer,ENG,MF,21.0,1.0,0.0,11.0,0.1,0.0,0.0,0.0,0.0,0.0,0.0,0.0,0.0,0.0,0.0,0.0,0.0,FW-MF,Left,189.0,73.0,"￡ 75,000"
Manchester,James Mcatee,ENG,MF,21.0,1.0,0.0,1.0,0.0,0.0,0.0,0.0,0.0,0.0,0.0,0.0,0.0,0.0,0.0,0.0,0.0,MF,Left,180.0,69.0,0
Manchester,Scott Carson,ENG,GK,38.0,0.0,0.0,0.0,0.0,0.0,0.0,0.0,0.0,0.0,0.0,0.0,0.0,0.0,0.0,0.0,0.0,GK,Right,192.0,86.0,"￡ 30,000"
Manchester,Micah Hamilton,ENG,MF,20.0,0.0,0.0,0.0,0.0,0.0,0.0,0.0,0.0,0.0,0.0,0.0,0.0,0.0,0.0,0.0,0.0,unknown,unknown,182.1,73.7,0
Manchester,Maximo Perrone,ARG,MF,21.0,0.0,0.0,0.0,0.0,0.0,0.0,0.0,0.0,0.0,0.0,0.0,0.0,0.0,0.0,0.0,0.0,MF,Left,178.0,63.0,0
Manchester,Mahamadou Susoho,ESP,DF,19.0,0.0,0.0,0.0,0.0,0.0,0.0,0.0,0.0,0.0,0.0,0.0,0.0,0.0,0.0,0.0,0.0,unknown,unknown,182.1,73.7,0
Manchester,Jacob Wright,ENG,MF,18.0,0.0,0.0,0.0,0.0,0.0,0.0,0.0,0.0,0.0,0.0,0.0,0.0,0.0,0.0,0.0,0.0,unknown,unknown,182.1,73.7,0
Aston,Ollie Watkins,ENG,FW,28.0,28.0,28.0,2475.0,27.5,16.0,10.0,26.0,16.0,0.0,0.0,4.0,0.0,14.3,14.3,5.4,19.6,FW-MF,Right,180.0,69.0,"￡ 130,000"
Aston,John Mcginn,SCO,"MF,FW",29.0,28.0,28.0,2373.0,26.4,6.0,3.0,9.0,6.0,0.0,0.0,7.0,1.0,4.3,4.3,3.9,8.2,MF,Left,178.0,69.0,"￡ 120,000"
Aston,Emiliano Martinez,ARG,GK,31.0,27.0,27.0,2430.0,27.0,0.0,0.0,0.0,0.0,0.0,0.0,4.0,0.0,0.0,0.0,0.0,0.0,GK,Right,193.0,84.0,"￡ 120,000"
Aston,Douglas Luiz,BRA,MF,25.0,27.0,27.0,2328.0,25.9,9.0,5.0,14.0,5.0,4.0,4.0,7.0,0.0,6.6,3.5,4.2,7.6,MF,Right,178.0,66.0,"￡ 75,000"
Aston,Ezri Konsa,ENG,DF,26.0,25.0,25.0,2170.0,24.1,0.0,0.0,0.0,0.0,0.0,0.0,5.0,0.0,1.9,1.9,0.4,2.3,DF-FW,Right,183.0,77.0,"￡ 75,000"
Aston,Matty Cash,POL,DF,26.0,25.0,21.0,1853.0,20.6,2.0,1.0,3.0,2.0,0.0,0.0,6.0,0.0,4.1,4.1,2.1,6.2,DF-FW-MF,Right,185.0,76.0,"￡ 80,000"
Aston,Boubacar Kamara,FRA,MF,24.0,20.0,20.0,1652.0,18.4,0.0,1.0,1.0,0.0,0.0,0.0,7.0,1.0,0.1,0.1,1.3,1.4,DF-MF,Right,178.0,68.0,"￡ 150,000"
Aston,Pau Torres,ESP,DF,27.0,21.0,19.0,1744.0,19.4,2.0,0.0,2.0,2.0,0.0,0.0,1.0,0.0,0.9,0.9,0.4,1.3,DF,Left,191.0,84.0,"￡ 100,000"
Aston,Lucas Digne,FRA,DF,30.0,23.0,19.0,1636.0,18.2,1.0,2.0,3.0,1.0,0.0,0.0,5.0,0.0,0.8,0.8,2.8,3.6,DF-MF,Left,178.0,73.0,"￡ 120,000"
Aston,Moussa Diaby,FRA,"FW,MF",24.0,28.0,18.0,1526.0,17.0,4.0,5.0,9.0,4.0,0.0,0.0,1.0,0.0,5.0,5.0,4.8,9.9,FW-MF,Left,170.0,64.0,"￡ 130,000"
Aston,Leon Bailey,JAM,"MF,FW",26.0,26.0,15.0,1402.0,15.6,8.0,8.0,16.0,8.0,0.0,0.0,4.0,0.0,4.5,4.5,6.8,11.4,FW-MF,Left,181.0,69.0,"￡ 120,000"
Aston,Diego Carlos,BRA,DF,31.0,18.0,13.0,1166.0,13.0,0.0,0.0,0.0,0.0,0.0,0.0,3.0,0.0,0.6,0.6,0.0,0.6,DF,Right,185.0,78.0,"￡ 100,000"
Aston,Clement Lenglet,FRA,DF,28.0,11.0,11.0,928.0,10.3,0.0,1.0,1.0,0.0,0.0,0.0,2.0,0.0,0.8,0.8,0.8,1.5,DF,Left,186.0,81.0,"€ 57,692"
Aston,Youri Tielemans,BEL,"MF,FW",26.0,24.0,10.0,1055.0,11.7,1.0,4.0,5.0,1.0,0.0,0.0,1.0,0.0,1.1,1.1,1.8,2.9,MF,Right,177.0,72.0,"￡ 150,000"
Aston,Alex Moreno,ESP,DF,30.0,15.0,9.0,874.0,9.7,2.0,0.0,2.0,2.0,0.0,0.0,2.0,0.0,1.1,1.1,1.1,2.2,DF-MF,Left,179.0,68.0,"￡ 35,000"
Aston,Jacob Ramsey,ENG,"MF,FW",22.0,16.0,8.0,853.0,9.5,1.0,1.0,2.0,1.0,0.0,0.0,2.0,0.0,2.2,2.2,1.0,3.2,MF,Right,180.0,73.0,"￡ 70,000"
Aston,Nicolo Zaniolo,ITA,"MF,FW",24.0,19.0,7.0,592.0,6.6,1.0,0.0,1.0,1.0,0.0,0.0,6.0,0.0,1.8,1.8,0.9,2.7,FW-MF,Left,190.0,83.0,"￡ 60,000"
Aston,Leander Dendoncker,BEL,MF,28.0,8.0,1.0,119.0,1.3,1.0,0.0,1.0,1.0,0.0,0.0,0.0,0.0,0.7,0.7,0.0,0.7,DF-MF,Right,178.0,83.0,"€ 106,923"
Aston,Robin Olsen,SWE,GK,34.0,1.0,1.0,90.0,1.0,0.0,0.0,0.0,0.0,0.0,0.0,0.0,0.0,0.0,0.0,0.0,0.0,GK,Right,198.0,87.0,"￡ 50,000"
Aston,Tyrone Mings,ENG,DF,31.0,1.0,1.0,30.0,0.3,0.0,0.0,0.0,0.0,0.0,0.0,0.0,0.0,0.0,0.0,0.0,0.0,DF,Left,195.0,77.0,"￡ 100,000"
Aston,Jhon Duran,COL,"FW,MF",20.0,14.0,0.0,185.0,2.1,2.0,0.0,2.0,2.0,0.0,0.0,4.0,0.0,1.3,1.3,0.1,1.4,F,unknown,186.0,73.0,"￡ 30,000"
Aston,Morgan Rogers,ENG,MF,21.0,3.0,0.0,61.0,0.7,0.0,0.0,0.0,0.0,0.0,0.0,1.0,0.0,0.3,0.3,0.1,0.5,FW-MF,Left,189.0,76.0,"￡ 20,000"
Aston,Tim Iroegbunam,ENG,MF,20.0,5.0,0.0,60.0,0.7,0.0,0.0,0.0,0.0,0.0,0.0,0.0,0.0,0.0,0.0,0.0,0.0,M,unknown,182.1,73.7,0
Aston,Calum Chambers,ENG,DF,29.0,1.0,0.0,45.0,0.5,0.0,0.0,0.0,0.0,0.0,0.0,0.0,0.0,0.0,0.0,0.0,0.0,DF-MF,Right,183.0,77.0,"￡ 50,000"
Aston,Philippe Coutinho,BRA,"MF,FW",31.0,2.0,0.0,25.0,0.3,0.0,0.0,0.0,0.0,0.0,0.0,0.0,0.0,0.1,0.1,0.0,0.1,FW-MF,Right,172.0,68.0,￡ 
Aston,Bertrand Traore,BFA,"DF,FW",28.0,2.0,0.0,11.0,0.1,0.0,0.0,0.0,0.0,0.0,0.0,0.0,0.0,0.0,0.0,0.0,0.0,FW-MF,Left,177.0,72.0,"￡ 77,885"
Aston,Cameron Archer,ENG,MF,22.0,1.0,0.0,6.0,0.1,0.0,0.0,0.0,0.0,0.0,0.0,1.0,0.0,0.0,0.0,0.0,0.0,F,unknown,175.0,72.0,"￡ 30,000"
Aston,Jaden Philogene Bidace,ENG,FW,22.0,1.0,0.0,4.0,0.0,0.0,0.0,0.0,0.0,0.0,0.0,0.0,0.0,0.0,0.0,0.0,0.0,unknown,unknown,182.1,73.7,0
Aston,Joe Gauci,AUS,GK,23.0,0.0,0.0,0.0,0.0,0.0,0.0,0.0,0.0,0.0,0.0,0.0,0.0,0.0,0.0,0.0,0.0,G,unknown,194.0,78.0,0
Aston,Omari Kellyman,ENG,MF,20.0,0.0,0.0,0.0,0.0,0.0,0.0,0.0,0.0,0.0,0.0,0.0,0.0,0.0,0.0,0.0,0.0,unknown,unknown,182.1,73.7,0
Aston,Kaine Kessler,ENG,"DF,MF",21.0,0.0,0.0,0.0,0.0,0.0,0.0,0.0,0.0,0.0,0.0,0.0,0.0,0.0,0.0,0.0,0.0,DF-MF,Right,175.0,62.0,0
Aston,Filip Marshall,ENG,GK,20.0,0.0,0.0,0.0,0.0,0.0,0.0,0.0,0.0,0.0,0.0,0.0,0.0,0.0,0.0,0.0,0.0,G,unknown,195.0,87.0,0
Aston,Tommi O'reilly,ENG,MF,20.0,0.0,0.0,0.0,0.0,0.0,0.0,0.0,0.0,0.0,0.0,0.0,0.0,0.0,0.0,0.0,0.0,M,unknown,170.0,63.0,0
Aston,Sam Proctor,ENG,GK,17.0,0.0,0.0,0.0,0.0,0.0,0.0,0.0,0.0,0.0,0.0,0.0,0.0,0.0,0.0,0.0,0.0,unknown,unknown,182.1,73.7,0
Aston,James Wright,ENG,GK,19.0,0.0,0.0,0.0,0.0,0.0,0.0,0.0,0.0,0.0,0.0,0.0,0.0,0.0,0.0,0.0,0.0,unknown,unknown,182.1,73.7,0
Aston,Oliwier Zych,POL,GK,19.0,0.0,0.0,0.0,0.0,0.0,0.0,0.0,0.0,0.0,0.0,0.0,0.0,0.0,0.0,0.0,0.0,unknown,unknown,182.1,73.7,0
Tottenham,Guglielmo Vicario,ITA,GK,27.0,27.0,27.0,2430.0,27.0,0.0,0.0,0.0,0.0,0.0,0.0,2.0,0.0,0.0,0.0,0.0,0.0,GK,Right,194.0,87.0,"￡ 75,000"
Tottenham,Pedro Porro,ESP,DF,24.0,24.0,24.0,2156.0,24.0,0.0,7.0,7.0,0.0,0.0,0.0,3.0,0.0,2.2,2.2,6.0,8.2,DF-MF,Right,176.0,68.0,"￡ 85,000"
Tottenham,Dejan Kulusevski,SWE,"FW,MF",23.0,25.0,24.0,2118.0,23.5,6.0,3.0,9.0,6.0,0.0,0.0,6.0,0.0,3.5,3.5,6.0,9.5,FW-MF,Left,186.0,74.0,"￡ 110,000"
Tottenham,Son Heung-min,KOR,FW,31.0,24.0,23.0,1987.0,22.1,14.0,8.0,22.0,13.0,1.0,1.0,1.0,0.0,7.9,7.1,7.5,14.6,FW-MF,Right,183.0,76.0,"￡ 190,000"
Tottenham,Destiny Udogie,ITA,DF,21.0,23.0,23.0,1941.0,21.6,2.0,3.0,5.0,2.0,0.0,0.0,7.0,1.0,2.3,2.3,2.0,4.3,DF-MF,Left,187.0,73.0,"￡ 75,000"
Tottenham,Cristian Romero,ARG,DF,25.0,22.0,22.0,1800.0,20.0,4.0,0.0,4.0,4.0,0.0,0.0,4.0,1.0,1.6,1.6,0.2,1.9,DF,Right,185.0,82.0,"￡ 165,000"
Tottenham,Pape Matar Sarr,SEN,MF,21.0,23.0,19.0,1420.0,15.8,3.0,3.0,6.0,3.0,0.0,0.0,6.0,0.0,2.6,2.6,2.0,4.6,MF,Right,180.0,68.0,"￡ 70,000"
Tottenham,Micky Van De Ven,NED,DF,22.0,18.0,18.0,1529.0,17.0,1.0,0.0,1.0,1.0,0.0,0.0,1.0,0.0,0.3,0.3,0.0,0.4,DF,Left,193.0,81.0,"￡ 50,000"
Tottenham,Yves Bissouma,MLI,MF,27.0,19.0,18.0,1484.0,16.5,0.0,0.0,0.0,0.0,0.0,0.0,7.0,2.0,1.2,1.2,0.3,1.5,MF,Right,181.0,72.0,"￡ 55,000"
Tottenham,James Maddison,ENG,MF,27.0,17.0,17.0,1395.0,15.5,4.0,7.0,11.0,4.0,0.0,0.0,3.0,0.0,4.0,4.0,3.8,7.9,FW-MF,Right,175.0,72.0,"￡ 170,000"
Tottenham,Richarlison,BRA,FW,26.0,22.0,17.0,1346.0,15.0,10.0,3.0,13.0,10.0,0.0,0.0,3.0,0.0,8.6,8.6,1.8,10.3,FW-MF,Right,179.0,71.0,"￡ 90,000"
Tottenham,Brennan Johnson,WAL,FW,22.0,21.0,14.0,1197.0,13.3,4.0,6.0,10.0,4.0,0.0,0.0,1.0,0.0,5.0,5.0,3.7,8.7,FW-MF,Right,178.0,73.0,"￡ 70,000"
Tottenham,Ben Davies,WAL,DF,30.0,16.0,11.0,1003.0,11.1,1.0,0.0,1.0,1.0,0.0,0.0,1.0,0.0,2.3,2.3,0.4,2.7,DF-MF,Left,181.0,76.0,"￡ 80,000"
Tottenham,Emerson,BRA,DF,25.0,18.0,9.0,959.0,10.7,1.0,0.0,1.0,1.0,0.0,0.0,3.0,0.0,0.2,0.2,0.4,0.6,DF-MF,Right,183.0,76.0,"￡ 40,000"
Tottenham,Rodrigo Bentancur,URU,MF,26.0,12.0,7.0,509.0,5.7,1.0,0.0,1.0,1.0,0.0,0.0,3.0,0.0,1.0,1.0,0.3,1.3,MF,Right,185.0,73.0,"￡ 75,000"
Tottenham,Pierre Hojbjerg,DEN,MF,28.0,26.0,6.0,992.0,11.0,0.0,0.0,0.0,0.0,0.0,0.0,3.0,0.0,0.4,0.4,0.8,1.3,MF,Right,185.0,81.0,"￡ 100,000"
Tottenham,Timo Werner,GER,FW,28.0,7.0,5.0,418.0,4.6,2.0,2.0,4.0,2.0,0.0,0.0,0.0,0.0,1.8,1.8,1.5,3.2,FW-MF,Right,180.0,74.0,€ 
Tottenham,Oliver Skipp,ENG,"MF,FW",23.0,17.0,4.0,582.0,6.5,0.0,0.0,0.0,0.0,0.0,0.0,2.0,0.0,0.6,0.6,0.6,1.2,MF,Right,177.0,66.0,"￡ 40,000"
Tottenham,Giovani Lo Celso,ARG,MF,27.0,12.0,4.0,420.0,4.7,2.0,2.0,4.0,2.0,0.0,0.0,1.0,0.0,0.4,0.4,0.9,1.3,FW-MF,Left,175.0,68.0,"￡ 70,000"
Tottenham,Manor Solomon,ISR,FW,24.0,5.0,2.0,199.0,2.2,0.0,2.0,2.0,0.0,0.0,0.0,1.0,0.0,0.4,0.4,0.8,1.2,FW-MF,Right,170.0,68.0,"￡ 60,000"
Tottenham,Bryan Gil,ESP,"FW,MF",23.0,10.0,2.0,196.0,2.2,0.0,0.0,0.0,0.0,0.0,0.0,0.0,0.0,0.7,0.7,0.1,0.9,FW-MF,Left,175.0,67.0,"￡ 40,000"
Tottenham,Eric Dier,ENG,DF,30.0,4.0,1.0,201.0,2.2,0.0,0.0,0.0,0.0,0.0,0.0,0.0,0.0,0.0,0.0,0.0,0.0,DF-MF,Right,188.0,87.0,"￡ 85,000"
Tottenham,Ivan Perisic,CRO,FW,35.0,5.0,0.0,103.0,1.1,0.0,1.0,1.0,0.0,0.0,0.0,2.0,0.0,0.1,0.1,0.9,1.0,DF-FW-MF,Both,187.0,78.0,"￡ 180,000"
Tottenham,Davinson Sanchez,COL,DF,27.0,1.0,0.0,77.0,0.9,0.0,0.0,0.0,0.0,0.0,0.0,1.0,0.0,0.1,0.1,0.0,0.1,DF,Right,188.0,77.0,"￡ 65,000"
Tottenham,Radu Dragusin,ROU,"DF,MF",22.0,4.0,0.0,53.0,0.6,0.0,0.0,0.0,0.0,0.0,0.0,1.0,0.0,0.0,0.0,0.0,0.0,DF,Right,191.0,79.0,"€ 17,885"
Tottenham,Alejo Veliz,ARG,FW,20.0,8.0,0.0,50.0,0.6,1.0,0.0,1.0,1.0,0.0,0.0,1.0,0.0,0.2,0.2,0.0,0.2,F,unknown,182.1,73.7,0
Tottenham,Jamie Donley,ENG,FW,19.0,3.0,0.0,3.0,0.0,0.0,0.0,0.0,0.0,0.0,0.0,1.0,0.0,0.0,0.0,0.0,0.0,unknown,unknown,182.1,73.7,0
Tottenham,Dane Scarlett,ENG,FW,19.0,1.0,0.0,1.0,0.0,0.0,0.0,0.0,0.0,0.0,0.0,0.0,0.0,0.0,0.0,0.0,0.0,FW,Right,180.0,76.0,0
Tottenham,Brandon Austin,ENG,GK,25.0,0.0,0.0,0.0,0.0,0.0,0.0,0.0,0.0,0.0,0.0,0.0,0.0,0.0,0.0,0.0,0.0,GK,Right,188.0,82.0,"￡ 7,500"
Tottenham,Alfie Dorrington,ENG,DF,18.0,0.0,0.0,0.0,0.0,0.0,0.0,0.0,0.0,0.0,0.0,0.0,0.0,0.0,0.0,0.0,0.0,unknown,unknown,182.1,73.7,0
Tottenham,Fraser Forster,ENG,GK,35.0,0.0,0.0,0.0,0.0,0.0,0.0,0.0,0.0,0.0,0.0,0.0,0.0,0.0,0.0,0.0,0.0,GK,Right,201.0,92.0,"￡ 75,000"
Tottenham,Ashley Phillips,WAL,DF,18.0,0.0,0.0,0.0,0.0,0.0,0.0,0.0,0.0,0.0,0.0,0.0,0.0,0.0,0.0,0.0,0.0,D,unknown,182.1,73.7,0
Tottenham,Yago Santiago,ESP,"FW,MF",20.0,0.0,0.0,0.0,0.0,0.0,0.0,0.0,0.0,0.0,0.0,0.0,0.0,0.0,0.0,0.0,0.0,unknown,unknown,182.1,73.7,0
Manchester,Andre Onana,CMR,GK,27.0,28.0,28.0,2520.0,28.0,0.0,0.0,0.0,0.0,0.0,0.0,4.0,0.0,0.0,0.0,0.1,0.1,GK,Right,182.1,73.7,"￡ 120,000"
Manchester,Bruno Fernandes,POR,"MF,FW",29.0,27.0,27.0,2430.0,27.0,4.0,6.0,10.0,2.0,2.0,3.0,8.0,0.0,7.2,4.9,8.2,13.1,FW-MF,Right,173.0,64.0,"￡ 240,000"
Manchester,Diogo Dalot,POR,DF,24.0,26.0,25.0,2274.0,25.3,1.0,2.0,3.0,1.0,0.0,0.0,6.0,1.0,0.9,0.9,1.9,2.7,DF,Right,184.0,76.0,"￡ 85,000"
Manchester,Marcus Rashford,ENG,FW,26.0,27.0,23.0,1988.0,22.1,7.0,2.0,9.0,5.0,2.0,2.0,2.0,0.0,7.1,5.5,2.2,7.7,FW-MF,Right,180.0,69.0,"￡ 300,000"
Manchester,Alejandro Garnacho,ARG,FW,19.0,26.0,20.0,1767.0,19.6,5.0,3.0,8.0,5.0,0.0,0.0,4.0,0.0,5.7,5.6,4.5,10.1,FW-M,unknown,180.0,79.0,0
Manchester,Rasmus Hojlund,DEN,FW,21.0,20.0,17.0,1465.0,16.3,7.0,2.0,9.0,7.0,0.0,0.0,2.0,0.0,6.5,6.5,1.1,7.6,F,unknown,192.0,73.7,"￡ 85,000"
Manchester,Casemiro,BRA,MF,32.0,15.0,15.0,1177.0,13.1,1.0,1.0,2.0,1.0,0.0,0.0,4.0,0.0,2.4,2.4,0.6,3.0,MF,Right,184.0,79.0,"￡ 350,000"
Manchester,Scott Mctominay,SCO,"MF,FW",27.0,25.0,14.0,1473.0,16.4,7.0,1.0,8.0,7.0,0.0,0.0,1.0,0.0,5.1,5.1,0.7,5.8,MF,Right,192.0,84.0,"￡ 60,000"
Manchester,Raphael Varane,FRA,DF,30.0,19.0,14.0,1263.0,14.0,1.0,0.0,1.0,1.0,0.0,0.0,2.0,0.0,1.3,1.3,0.1,1.3,DF-MF,Both,194.0,83.0,"￡ 340,000"
Manchester,Kobbie Mainoo,ENG,MF,18.0,14.0,14.0,1106.0,12.3,1.0,0.0,1.0,1.0,0.0,0.0,3.0,0.0,0.2,0.2,0.4,0.6,unknown,unknown,182.1,73.7,0
Manchester,Victor Lindelof,SWE,DF,29.0,18.0,13.0,1260.0,14.0,1.0,1.0,2.0,1.0,0.0,0.0,2.0,0.0,0.8,0.8,0.3,1.1,DF,Right,187.0,82.0,"￡ 120,000"
Manchester,Harry Maguire,ENG,DF,31.0,16.0,13.0,1158.0,12.9,1.0,2.0,3.0,1.0,0.0,0.0,3.0,0.0,1.7,1.7,1.2,3.0,DF,Right,188.0,78.0,"￡ 190,000"
Manchester,Jonny Evans,NIR,DF,36.0,18.0,12.0,1086.0,12.1,0.0,1.0,1.0,0.0,0.0,0.0,2.0,0.0,0.1,0.1,1.2,1.2,DF,Right,188.0,77.0,"￡ 65,000"
Manchester,Luke Shaw,ENG,DF,28.0,12.0,12.0,959.0,10.7,0.0,0.0,0.0,0.0,0.0,0.0,6.0,0.0,0.0,0.0,1.0,1.0,DF-MF,Left,185.0,74.0,"￡ 150,000"
Manchester,Antony,BRA,FW,24.0,22.0,11.0,953.0,10.6,0.0,0.0,0.0,0.0,0.0,0.0,3.0,0.0,1.5,1.5,2.1,3.6,FW-MF,Left,172.0,64.0,"￡ 200,000"
Manchester,Aaron Wan-bissaka,ENG,DF,26.0,12.0,10.0,884.0,9.8,0.0,1.0,1.0,0.0,0.0,0.0,3.0,0.0,0.1,0.1,1.2,1.3,DF,Right,182.0,72.0,"￡ 90,000"
Manchester,Christian Eriksen,DEN,MF,32.0,16.0,9.0,887.0,9.9,1.0,1.0,2.0,1.0,0.0,0.0,1.0,0.0,0.7,0.7,1.8,2.5,FW-MF,Right,177.0,67.0,"￡ 150,000"
Manchester,Sofyan Amrabat,MAR,"MF,DF",27.0,14.0,7.0,640.0,7.1,0.0,0.0,0.0,0.0,0.0,0.0,3.0,0.0,0.1,0.1,0.2,0.2,MF,Right,173.0,69.0,"￡ 65,000"
Manchester,Lisandro Martinez,ARG,DF,26.0,8.0,7.0,558.0,6.2,0.0,1.0,1.0,0.0,0.0,0.0,3.0,0.0,0.0,0.0,0.1,0.1,DF-MF,Left,178.0,77.0,"￡ 120,000"
Manchester,Anthony Martial,FRA,FW,28.0,13.0,5.0,448.0,5.0,1.0,0.0,1.0,1.0,0.0,0.0,0.0,0.0,1.2,1.2,0.2,1.5,FW-MF,Right,184.0,76.0,"￡ 250,000"
Manchester,Sergio Reguilon,ESP,DF,27.0,9.0,4.0,412.0,4.6,0.0,0.0,0.0,0.0,0.0,0.0,3.0,0.0,0.2,0.2,0.7,0.9,DF-MF,Left,176.0,63.0,￡ 
Manchester,Mason Mount,ENG,MF,25.0,8.0,4.0,400.0,4.4,0.0,0.0,0.0,0.0,0.0,0.0,1.0,0.0,0.2,0.2,0.2,0.4,MF,Right,175.0,63.0,"￡ 250,000"
Manchester,Facundo Pellistri,URU,"FW,MF",22.0,9.0,1.0,172.0,1.9,0.0,1.0,1.0,0.0,0.0,0.0,0.0,0.0,0.7,0.7,0.1,0.8,MF,Right,174.0,68.0,"€ 23,077"
Manchester,Hannibal Mejbri,TUN,"MF,FW",21.0,5.0,1.0,133.0,1.5,1.0,0.0,1.0,1.0,0.0,0.0,1.0,0.0,0.0,0.0,0.4,0.4,MF,Right,154.0,69.0,"£ 12,000"
Manchester,Willy Kambwala,FRA,DF,19.0,4.0,1.0,109.0,1.2,0.0,0.0,0.0,0.0,0.0,0.0,0.0,0.0,0.0,0.0,0.0,0.0,unknown,unknown,182.1,73.7,0
Manchester,Omari Forson,ENG,FW,19.0,3.0,1.0,66.0,0.7,0.0,1.0,1.0,0.0,0.0,0.0,0.0,0.0,0.0,0.0,0.2,0.2,unknown,unknown,182.1,73.7,0
Manchester,Jadon Sancho,ENG,"FW,MF",23.0,3.0,0.0,79.0,0.9,0.0,0.0,0.0,0.0,0.0,0.0,0.0,0.0,0.0,0.0,0.1,0.1,FW-MF,Right,180.0,73.0,"€ 67,308"
Manchester,Amad Diallo,CIV,FW,21.0,2.0,0.0,48.0,0.5,0.0,0.0,0.0,0.0,0.0,0.0,0.0,0.0,0.1,0.1,0.1,0.2,FW-MF,Left,173.0,66.0,"￡ 28,846"
Manchester,Donny Van De Beek,NED,DF,26.0,1.0,0.0,3.0,0.0,0.0,0.0,0.0,0.0,0.0,0.0,0.0,0.0,0.0,0.0,0.1,0.2,MF,Right,181.0,76.0,"€ 34,615"
Manchester,Daniel Gore,ENG,MF,19.0,1.0,0.0,1.0,0.0,0.0,0.0,0.0,0.0,0.0,0.0,0.0,0.0,0.0,0.0,0.0,0.0,unknown,unknown,182.1,73.7,0
Manchester,Altay Bayindir,TUR,GK,25.0,0.0,0.0,0.0,0.0,0.0,0.0,0.0,0.0,0.0,0.0,0.0,0.0,0.0,0.0,0.0,0.0,GK,Right,198.0,88.0,"￡ 35,000"
Manchester,Rhys Bennett,ENG,DF,20.0,0.0,0.0,0.0,0.0,0.0,0.0,0.0,0.0,0.0,0.0,0.0,0.0,0.0,0.0,0.0,0.0,unknown,unknown,182.1,73.7,0
Manchester,Alvaro Carreras,ESP,"DF,MF",20.0,0.0,0.0,0.0,0.0,0.0,0.0,0.0,0.0,0.0,0.0,0.0,0.0,0.0,0.0,0.0,0.0,DF-MF,Left,186.0,69.0,0
Manchester,Toby Collier,ENG,MF,20.0,0.0,0.0,0.0,0.0,0.0,0.0,0.0,0.0,0.0,0.0,0.0,0.0,0.0,0.0,0.0,0.0,unknown,unknown,182.1,73.7,0
Manchester,Tom Heaton,ENG,GK,37.0,0.0,0.0,0.0,0.0,0.0,0.0,0.0,0.0,0.0,0.0,0.0,0.0,0.0,0.0,0.0,0.0,GK,Right,187.0,84.0,"￡ 45,000"
Manchester,Dean Henderson,ENG,GK,27.0,0.0,0.0,0.0,0.0,0.0,0.0,0.0,0.0,0.0,0.0,0.0,0.0,0.0,0.0,0.0,0.0,GK,Right,188.0,73.0,"￡ 100,000"
Manchester,Joe Hugill,ENG,FW,20.0,0.0,0.0,0.0,0.0,0.0,0.0,0.0,0.0,0.0,0.0,0.0,0.0,0.0,0.0,0.0,0.0,unknown,unknown,182.1,73.7,0
Manchester,Dermot Mee,NIR,GK,21.0,0.0,0.0,0.0,0.0,0.0,0.0,0.0,0.0,0.0,0.0,0.0,0.0,0.0,0.0,0.0,0.0,unknown,unknown,182.1,73.7,0
Manchester,Habeeb Ogunneye,ENG,DF,19.0,0.0,0.0,0.0,0.0,0.0,0.0,0.0,0.0,0.0,0.0,0.0,0.0,0.0,0.0,0.0,0.0,unknown,unknown,182.1,73.7,0
Manchester,Radek Vitek,CZE,GK,20.0,0.0,0.0,0.0,0.0,0.0,0.0,0.0,0.0,0.0,0.0,0.0,0.0,0.0,0.0,0.0,0.0,unknown,unknown,182.1,73.7,0
West,Jarrod Bowen,ENG,FW,27.0,27.0,27.0,2426.0,27.0,14.0,3.0,17.0,14.0,0.0,0.0,2.0,0.0,9.3,9.3,3.8,13.1,FW-MF,Left,178.0,69.0,"￡ 120,000"
West,James Ward-prowse,ENG,MF,29.0,27.0,27.0,2332.0,25.9,5.0,7.0,12.0,3.0,2.0,2.0,4.0,0.0,5.1,3.5,5.6,9.1,MF,Right,173.0,66.0,"￡ 115,000"
West,Vladimir Coufal,CZE,DF,31.0,26.0,26.0,2300.0,25.6,0.0,6.0,6.0,0.0,0.0,0.0,7.0,1.0,0.0,0.0,3.0,3.0,DF-MF,Right,174.0,69.0,"￡ 35,000"
West,Emerson Palmieri,ITA,DF,29.0,26.0,25.0,2271.0,25.2,1.0,2.0,3.0,1.0,0.0,0.0,7.0,0.0,1.1,1.1,2.2,3.3,DF-MF,Left,176.0,63.0,"￡ 95,000"
West,Alphonse Areola,FRA,GK,31.0,25.0,25.0,2204.0,24.5,0.0,0.0,0.0,0.0,0.0,0.0,1.0,0.0,0.0,0.0,0.0,0.0,GK,Right,192.0,87.0,"￡ 120,000"
West,Tomas Soucek,CZE,MF,29.0,27.0,25.0,2145.0,23.8,6.0,1.0,7.0,6.0,0.0,0.0,5.0,0.0,5.6,5.6,0.7,6.3,MF,Right,190.0,83.0,"￡ 90,000"
West,Kurt Zouma,FRA,DF,29.0,23.0,23.0,1997.0,22.2,2.0,0.0,2.0,2.0,0.0,0.0,3.0,0.0,1.5,1.5,0.1,1.6,DF,Right,190.0,92.0,"￡ 125,000"
West,Edson Alvarez,MEX,MF,26.0,24.0,22.0,1878.0,20.9,1.0,1.0,2.0,1.0,0.0,0.0,9.0,0.0,1.3,1.3,0.4,1.7,DF-MF,Right,185.0,71.0,"￡ 100,000"
West,Lucas Paqueta,BRA,"FW,MF",26.0,21.0,21.0,1756.0,19.5,3.0,5.0,8.0,2.0,1.0,1.0,7.0,0.0,3.9,3.1,3.7,6.8,FW-MF,Left,180.0,72.0,"￡ 150,000"
West,Nayef Aguerd,MAR,DF,27.0,20.0,20.0,1767.0,19.6,1.0,0.0,1.0,1.0,0.0,0.0,3.0,1.0,1.5,1.5,0.2,1.8,DF,Left,188.0,76.0,"￡ 50,000"
West,Kudus Mohammed,GHA,"FW,MF",23.0,23.0,17.0,1590.0,17.7,6.0,3.0,9.0,6.0,0.0,0.0,5.0,0.0,3.3,3.3,2.1,5.4,FW-MF,Left,177.0,74.0,0
West,Michail Antonio,JAM,FW,33.0,16.0,12.0,959.0,10.7,2.0,2.0,4.0,2.0,0.0,0.0,4.0,0.0,2.2,2.2,0.8,2.9,FW-MF,Right,180.0,82.0,"￡ 85,000"
West,Konstantinos Mavropanos,GRE,DF,26.0,13.0,10.0,991.0,11.0,1.0,0.0,1.0,1.0,0.0,0.0,1.0,0.0,0.8,0.8,0.2,0.9,DF,Right,191.0,78.0,"￡ 50,000"
West,Said Benrahma,ALG,"FW,MF",28.0,13.0,5.0,620.0,6.9,0.0,1.0,1.0,0.0,0.0,1.0,1.0,0.0,1.8,1.0,1.4,2.5,FW-MF,Right,172.0,67.0,"￡ 55,000"
West,Pablo Fornals,ESP,"MF,FW",28.0,15.0,4.0,426.0,4.7,0.0,0.0,0.0,0.0,0.0,0.0,0.0,0.0,0.3,0.3,0.3,0.6,FW-MF,Right,178.0,67.0,"€ 60,000"
West,Ben Johnson,ENG,"DF,FW",24.0,9.0,4.0,399.0,4.4,0.0,0.0,0.0,0.0,0.0,0.0,1.0,0.0,0.2,0.2,0.0,0.2,DF,Right,170.0,68.0,"￡ 20,000"
West,Angelo Ogbonna,ITA,DF,35.0,7.0,3.0,321.0,3.6,0.0,0.0,0.0,0.0,0.0,0.0,0.0,0.0,0.0,0.0,0.0,0.0,DF,Left,191.0,86.0,"￡ 70,000"
West,Lukasz Fabianski,POL,GK,38.0,5.0,3.0,316.0,3.5,0.0,0.0,0.0,0.0,0.0,0.0,0.0,0.0,0.0,0.0,0.0,0.0,GK,Right,190.0,83.0,"￡ 65,000"
West,Kalvin Phillips,ENG,MF,28.0,6.0,3.0,271.0,3.0,0.0,0.0,0.0,0.0,0.0,0.0,3.0,1.0,0.1,0.1,0.0,0.1,DF-MF,Right,177.0,68.0,￡ 
West,Aaron Cresswell,ENG,DF,34.0,5.0,3.0,235.0,2.6,0.0,0.0,0.0,0.0,0.0,0.0,1.0,0.0,0.0,0.0,0.3,0.3,DF-MF,Left,170.0,68.0,"￡ 50,000"
West,Danny Ings,ENG,FW,31.0,14.0,2.0,264.0,2.9,1.0,0.0,1.0,1.0,0.0,0.0,1.0,0.0,1.1,1.1,0.3,1.4,FW,Right,178.0,73.0,"￡ 125,000"
West,Maxwel Cornet,CIV,"MF,FW",27.0,5.0,1.0,105.0,1.2,1.0,0.0,1.0,1.0,0.0,0.0,0.0,0.0,0.4,0.4,0.2,0.6,DF-FW-MF,Left,179.0,68.0,"￡ 65,000"
West,Divin Mubama,ENG,FW,19.0,5.0,0.0,80.0,0.9,0.0,0.0,0.0,0.0,0.0,0.0,0.0,0.0,0.1,0.1,0.0,0.1,FW,Left,183.0,69.0,0
West,Thilo Kehrer,GER,"DF,MF",27.0,4.0,0.0,22.0,0.2,0.0,0.0,0.0,0.0,0.0,0.0,2.0,0.0,0.0,0.0,0.0,0.0,DF,Right,186.0,72.0,"€ 92,885"
West,Joseph Anang,ENG,GK,23.0,0.0,0.0,0.0,0.0,0.0,0.0,0.0,0.0,0.0,0.0,0.0,0.0,0.0,0.0,0.0,0.0,G,unknown,182.1,73.7,0
West,Kaelan Casey,ENG,DF,19.0,0.0,0.0,0.0,0.0,0.0,0.0,0.0,0.0,0.0,0.0,0.0,0.0,0.0,0.0,0.0,0.0,unknown,unknown,182.1,73.7,0
West,Conor Coventry,IRL,MF,23.0,0.0,0.0,0.0,0.0,0.0,0.0,0.0,0.0,0.0,0.0,0.0,0.0,0.0,0.0,0.0,0.0,MF,Right,177.0,68.0,"￡ 5,000"
West,George Earthy,ENG,MF,19.0,0.0,0.0,0.0,0.0,0.0,0.0,0.0,0.0,0.0,0.0,0.0,0.0,0.0,0.0,0.0,0.0,unknown,unknown,182.1,73.7,0
West,Levi Laing,ENG,DF,21.0,0.0,0.0,0.0,0.0,0.0,0.0,0.0,0.0,0.0,0.0,0.0,0.0,0.0,0.0,0.0,0.0,unknown,unknown,182.1,73.7,0
West,Callum Marshall,NIR,DF,19.0,0.0,0.0,0.0,0.0,0.0,0.0,0.0,0.0,0.0,0.0,0.0,0.0,0.0,0.0,0.0,0.0,unknown,unknown,182.1,73.7,0
West,Lewis Orford,ENG,MF,18.0,0.0,0.0,0.0,0.0,0.0,0.0,0.0,0.0,0.0,0.0,0.0,0.0,0.0,0.0,0.0,0.0,unknown,unknown,182.1,73.7,0
West,Oliver Scarles,ENG,DF,18.0,0.0,0.0,0.0,0.0,0.0,0.0,0.0,0.0,0.0,0.0,0.0,0.0,0.0,0.0,0.0,0.0,unknown,unknown,182.1,73.7,0
Brighton,Pascal Gross,GER,"MF,DF",32.0,26.0,24.0,2214.0,24.6,4.0,10.0,14.0,3.0,1.0,1.0,4.0,0.0,5.3,4.6,6.8,11.4,DF-FW-MF,Right,181.0,72.0,"￡ 65,000"
Brighton,Lewis Dunk,ENG,DF,32.0,24.0,24.0,2104.0,23.4,3.0,1.0,4.0,3.0,0.0,0.0,6.0,1.0,2.9,2.9,0.8,3.7,DF,Right,192.0,87.0,"￡ 80,000"
Brighton,Jan Paul Van Hecke,NED,DF,23.0,23.0,21.0,1919.0,21.3,0.0,0.0,0.0,0.0,0.0,0.0,3.0,0.0,1.1,1.1,0.8,1.9,DF,Right,189.0,78.0,"￡ 30,000"
Brighton,Billy Gilmour,SCO,MF,22.0,25.0,20.0,1778.0,19.8,0.0,1.0,1.0,0.0,0.0,0.0,5.0,1.0,0.9,0.9,2.0,2.9,MF,Right,170.0,59.0,"￡ 20,000"
Brighton,Simon Adingra,CIV,FW,22.0,21.0,16.0,1446.0,16.1,6.0,1.0,7.0,6.0,0.0,0.0,2.0,0.0,3.1,3.1,2.3,5.4,FW-MF,Right,175.0,73.7,"￡ 12,500"
Brighton,Kaoru Mitoma,JPN,FW,26.0,19.0,15.0,1486.0,16.5,3.0,4.0,7.0,3.0,0.0,0.0,4.0,0.0,3.5,3.5,2.7,6.2,FW-MF,unknown,178.0,71.0,"￡ 80,000"
Brighton,Evan Ferguson,IRL,FW,19.0,26.0,15.0,1359.0,15.1,6.0,0.0,6.0,6.0,0.0,0.0,1.0,0.0,4.6,4.6,0.5,5.1,F,unknown,183.0,73.7,"￡ 30,000"
Brighton,Jason Steele,ENG,GK,33.0,15.0,15.0,1350.0,15.0,0.0,0.0,0.0,0.0,0.0,0.0,0.0,0.0,0.0,0.0,0.0,0.0,GK,Right,190.0,78.0,"￡ 20,000"
Brighton,Danny Welbeck,ENG,"FW,MF",33.0,19.0,14.0,1028.0,11.4,3.0,1.0,4.0,3.0,0.0,0.0,2.0,0.0,3.6,3.6,1.3,4.8,FW-MF,Right,185.0,72.0,"￡ 55,000"
Brighton,Bart Verbruggen,NED,GK,21.0,13.0,13.0,1170.0,13.0,0.0,0.0,0.0,0.0,0.0,0.0,2.0,0.0,0.0,0.0,0.0,0.0,GK,Right,193.0,82.0,"￡ 35,000"
Brighton,Joao Pedro,BRA,"FW,MF",22.0,23.0,12.0,1392.0,15.5,8.0,2.0,10.0,4.0,4.0,4.0,2.0,0.0,8.4,5.2,2.3,7.5,FW-MF,Right,182.0,69.0,"￡ 50,000"
Brighton,Pervis Estupinan,ECU,DF,26.0,16.0,12.0,1052.0,11.7,2.0,3.0,5.0,2.0,0.0,0.0,4.0,0.0,0.9,0.9,3.4,4.3,DF,Left,175.0,78.0,"￡ 50,000"
Brighton,Facundo Buonanotte,ARG,"MF,FW",19.0,19.0,12.0,943.0,10.5,3.0,1.0,4.0,3.0,0.0,0.0,6.0,0.0,1.9,1.9,1.7,3.6,M,unknown,182.1,73.7,0
Brighton,Joel Veltman,NED,DF,32.0,20.0,11.0,1132.0,12.6,0.0,1.0,1.0,0.0,0.0,0.0,2.0,0.0,0.1,0.1,0.4,0.5,DF,Right,182.0,74.0,"￡ 50,000"
Brighton,Igor,BRA,DF,26.0,16.0,11.0,1001.0,11.1,0.0,0.0,0.0,0.0,0.0,0.0,4.0,0.0,0.1,0.1,0.3,0.4,DF,Left,185.0,79.0,"￡ 45,000"
Brighton,James Milner,ENG,"DF,MF",38.0,15.0,11.0,773.0,8.6,0.0,2.0,2.0,0.0,0.0,0.0,3.0,0.0,0.3,0.3,1.8,2.0,DF-MF,Right,176.0,69.0,"￡ 60,000"
Brighton,Adam Lallana,ENG,MF,35.0,20.0,10.0,664.0,7.4,0.0,1.0,1.0,0.0,0.0,0.0,2.0,0.0,0.3,0.3,1.6,1.9,FW-MF,Right,173.0,67.0,"￡ 90,000"
Brighton,Adam Webster,ENG,DF,29.0,10.0,9.0,767.0,8.5,0.0,0.0,0.0,0.0,0.0,0.0,2.0,0.0,0.3,0.3,0.1,0.4,DF,Right,192.0,79.0,"￡ 55,000"
Brighton,Carlos Baleba,CMR,MF,20.0,17.0,9.0,764.0,8.5,0.0,0.0,0.0,0.0,0.0,0.0,5.0,0.0,0.6,0.6,0.2,0.7,MF,Left,182.1,73.7,0
Brighton,Jack Hinshelwood,ENG,DF,18.0,12.0,8.0,869.0,9.7,3.0,0.0,3.0,3.0,0.0,0.0,1.0,0.0,1.9,1.9,0.7,2.5,M,unknown,182.1,73.7,0
Brighton,Tariq Lamptey,GHA,"DF,FW",23.0,13.0,7.0,593.0,6.6,0.0,3.0,3.0,0.0,0.0,0.0,3.0,0.0,0.4,0.4,0.6,1.0,DF-MF,Right,175.0,68.0,"￡ 35,000"
Brighton,Solly March,ENG,"FW,DF",29.0,7.0,7.0,554.0,6.2,3.0,1.0,4.0,3.0,0.0,0.0,1.0,0.0,2.0,2.0,1.0,2.9,DF-FW-MF,Left,180.0,72.0,"￡ 50,000"
Brighton,Mahmoud Dahoud,GER,MF,28.0,9.0,6.0,452.0,5.0,0.0,1.0,1.0,0.0,0.0,0.0,1.0,1.0,0.2,0.2,0.9,1.1,MF,Right,176.0,67.0,"￡ 55,000"
Brighton,Ansu Fati,ESP,"MF,FW",21.0,15.0,3.0,476.0,5.3,2.0,0.0,2.0,2.0,0.0,0.0,2.0,0.0,3.3,3.3,0.8,4.1,FW,Right,178.0,68.0,"€ 52,115"
Brighton,Julio Enciso,PAR,"MF,FW",20.0,5.0,2.0,147.0,1.6,0.0,2.0,2.0,0.0,0.0,0.0,1.0,0.0,0.5,0.5,0.8,1.2,FW-M,unknown,168.0,63.0,"￡ 10,000"
Brighton,Jakub Moder,POL,"MF,DF",24.0,9.0,1.0,221.0,2.5,0.0,0.0,0.0,0.0,0.0,0.0,2.0,0.0,0.3,0.3,0.1,0.4,MF,Right,188.0,78.0,"￡ 10,000"
Brighton,Benicio Boaitey,ENG,"DF,FW",20.0,4.0,0.0,16.0,0.2,0.0,0.0,0.0,0.0,0.0,0.0,0.0,0.0,0.0,0.0,0.0,0.0,unknown,unknown,182.1,73.7,0
Brighton,Steven Alzate,COL,MF,25.0,0.0,0.0,0.0,0.0,0.0,0.0,0.0,0.0,0.0,0.0,0.0,0.0,0.0,0.0,0.0,0.0,MF,Right,180.0,64.0,"￡ 15,000"
Brighton,Valentin Barco,ARG,DF,19.0,0.0,0.0,0.0,0.0,0.0,0.0,0.0,0.0,0.0,0.0,0.0,0.0,0.0,0.0,0.0,0.0,DF,Left,168.0,73.7,"￡ 25,000"
Brighton,Luca Barrington,ENG,MF,19.0,0.0,0.0,0.0,0.0,0.0,0.0,0.0,0.0,0.0,0.0,0.0,0.0,0.0,0.0,0.0,0.0,unknown,unknown,182.1,73.7,0
Brighton,Josh Duffus,ENG,MF,19.0,0.0,0.0,0.0,0.0,0.0,0.0,0.0,0.0,0.0,0.0,0.0,0.0,0.0,0.0,0.0,0.0,unknown,unknown,182.1,73.7,0
Brighton,Ben Jackson,ENG,DF,20.0,0.0,0.0,0.0,0.0,0.0,0.0,0.0,0.0,0.0,0.0,0.0,0.0,0.0,0.0,0.0,0.0,unknown,unknown,182.1,73.7,0
Brighton,Leigh Kavanagh,IRL,DF,20.0,0.0,0.0,0.0,0.0,0.0,0.0,0.0,0.0,0.0,0.0,0.0,0.0,0.0,0.0,0.0,0.0,unknown,unknown,182.1,73.7,0
Brighton,Mark O'mahony,IRL,FW,19.0,0.0,0.0,0.0,0.0,0.0,0.0,0.0,0.0,0.0,0.0,0.0,0.0,0.0,0.0,0.0,0.0,unknown,unknown,182.1,73.7,0
Brighton,Cameron Peupion,AUS,MF,21.0,0.0,0.0,0.0,0.0,0.0,0.0,0.0,0.0,0.0,0.0,0.0,0.0,0.0,0.0,0.0,0.0,M,unknown,175.0,69.0,0
Brighton,Imari Samuels,ENG,DF,21.0,0.0,0.0,0.0,0.0,0.0,0.0,0.0,0.0,0.0,0.0,0.0,0.0,0.0,0.0,0.0,0.0,D,unknown,182.1,73.7,0
Wolverhampton,Max Kilman,ENG,DF,26.0,28.0,28.0,2520.0,28.0,2.0,0.0,2.0,2.0,0.0,0.0,5.0,0.0,1.6,1.6,0.7,2.4,DF,Left,192.0,78.0,"￡ 50,000"
Wolverhampton,Nelson Semedo,POR,"DF,MF",30.0,27.0,27.0,2347.0,26.1,0.0,1.0,1.0,0.0,0.0,0.0,7.0,0.0,0.9,0.9,1.1,2.0,DF-MF,Right,177.0,64.0,"￡ 80,000"
Wolverhampton,Jose Sa,POR,GK,31.0,26.0,26.0,2227.0,24.7,0.0,0.0,0.0,0.0,0.0,0.0,1.0,0.0,0.0,0.0,0.0,0.0,GK,Right,192.0,86.0,"￡ 40,000"
Wolverhampton,Craig Dawson,ENG,DF,33.0,25.0,25.0,2209.0,24.5,1.0,1.0,2.0,1.0,0.0,0.0,7.0,0.0,1.5,1.5,1.4,2.9,DF,Right,188.0,82.0,"￡ 45,000"
Wolverhampton,Mario Lemina,GAB,MF,30.0,25.0,25.0,2179.0,24.2,4.0,0.0,4.0,4.0,0.0,0.0,10.0,1.0,4.1,4.1,0.8,4.8,DF-MF,Right,183.0,83.0,"￡ 45,000"
Wolverhampton,Matheus Cunha,BRA,"FW,MF",24.0,24.0,24.0,1961.0,21.8,9.0,6.0,15.0,8.0,1.0,1.0,5.0,0.0,8.2,7.4,3.1,10.5,FW-MF,Right,183.0,76.0,"￡ 60,000"
Wolverhampton,Joao Gomes,BRA,MF,23.0,24.0,22.0,1815.0,20.2,2.0,1.0,3.0,2.0,0.0,0.0,6.0,0.0,1.1,1.1,1.0,2.1,MF,Right,176.0,73.0,"￡ 30,000"
Wolverhampton,Toti Gomes,POR,DF,25.0,25.0,21.0,1874.0,20.8,0.0,3.0,3.0,0.0,0.0,0.0,3.0,0.0,1.0,1.0,1.1,2.0,DF,Left,188.0,78.0,"￡ 25,000"
Wolverhampton,Rayan Ait Nouri,ALG,"DF,MF",22.0,24.0,21.0,1705.0,18.9,1.0,1.0,2.0,1.0,0.0,0.0,6.0,0.0,1.9,1.9,1.9,3.8,DF-MF,Left,179.0,69.0,"￡ 10,000"
Wolverhampton,Hwang Hee-chan,KOR,"FW,MF",28.0,22.0,19.0,1620.0,18.0,10.0,3.0,13.0,9.0,1.0,1.0,4.0,0.0,6.3,5.6,2.9,8.5,FW-MF,Right,177.0,69.0,"￡ 70,000"
Wolverhampton,Pedro Neto,POR,"FW,MF",24.0,19.0,18.0,1503.0,16.7,2.0,9.0,11.0,2.0,0.0,0.0,4.0,0.0,3.4,3.4,4.4,7.9,FW-MF,Left,173.0,62.0,"￡ 50,000"
Wolverhampton,Pablo Sarabia,ESP,"MF,FW",31.0,21.0,15.0,1273.0,14.1,3.0,6.0,9.0,2.0,1.0,1.0,1.0,0.0,3.6,2.8,5.2,8.0,FW-MF,Left,176.0,69.0,"￡ 90,000"
Wolverhampton,Jean-ricner Bellegarde,FRA,"MF,FW",25.0,19.0,9.0,806.0,9.0,2.0,1.0,3.0,2.0,0.0,0.0,0.0,1.0,1.4,1.4,0.8,2.2,MF,Right,170.0,68.0,"￡ 35,000"
Wolverhampton,Tommy Doyle,ENG,MF,22.0,19.0,6.0,813.0,9.0,0.0,0.0,0.0,0.0,0.0,0.0,2.0,0.0,0.2,0.2,0.3,0.5,MF,Right,172.0,73.0,"￡ 10,000"
Wolverhampton,Hugo Bueno,ESP,"DF,MF",21.0,14.0,4.0,432.0,4.8,0.0,0.0,0.0,0.0,0.0,0.0,1.0,0.0,0.2,0.2,0.5,0.8,DF-MF,Left,180.0,72.0,0
Wolverhampton,Matt Doherty,IRL,"DF,MF",32.0,21.0,3.0,593.0,6.6,1.0,0.0,1.0,1.0,0.0,0.0,1.0,0.0,0.5,0.5,0.7,1.3,DF-MF,Right,182.0,76.0,"￡ 50,000"
Wolverhampton,Boubacar Traore,MLI,"MF,FW",22.0,14.0,3.0,403.0,4.5,0.0,0.0,0.0,0.0,0.0,0.0,1.0,0.0,0.1,0.1,0.2,0.2,MF,Right,175.0,67.0,"￡ 55,000"
Wolverhampton,Santiago Bueno,URU,DF,25.0,4.0,3.0,291.0,3.2,0.0,0.0,0.0,0.0,0.0,0.0,1.0,0.0,0.0,0.0,0.0,0.0,DF,Right,190.0,78.0,"￡ 30,000"
Wolverhampton,Fabio Silva,POR,FW,21.0,8.0,3.0,264.0,2.9,0.0,0.0,0.0,0.0,0.0,0.0,2.0,0.0,1.0,1.0,0.2,1.2,FW,Right,185.0,73.0,"￡ 80,000"
Wolverhampton,Daniel Bentley,ENG,GK,30.0,4.0,2.0,293.0,3.3,0.0,0.0,0.0,0.0,0.0,0.0,0.0,0.0,0.0,0.0,0.0,0.0,GK,Right,188.0,77.0,"￡ 10,000"
Wolverhampton,Matheus Nunes,POR,MF,25.0,2.0,2.0,179.0,2.0,0.0,0.0,0.0,0.0,0.0,0.0,2.0,1.0,0.1,0.1,0.1,0.2,MF,Right,183.0,78.0,"￡ 130,000"
Wolverhampton,Nathan Fraser,IRL,FW,19.0,4.0,1.0,175.0,1.9,0.0,0.0,0.0,0.0,0.0,0.0,1.0,0.0,0.3,0.3,0.1,0.3,unknown,unknown,182.1,73.7,0
Wolverhampton,Sasa Kalajdzic,AUT,FW,26.0,11.0,1.0,166.0,1.8,2.0,0.0,2.0,2.0,0.0,0.0,0.0,0.0,1.1,1.1,1.0,2.0,FW-MF,Right,200.0,79.0,"€ 40,769"
Wolverhampton,Tawanda Chirewa,ENG,"MF,FW",20.0,2.0,0.0,13.0,0.1,0.0,0.0,0.0,0.0,0.0,0.0,0.0,0.0,0.1,0.1,0.0,0.1,unknown,unknown,182.1,73.7,0
Wolverhampton,Jonny Castro,ESP,MF,30.0,1.0,0.0,5.0,0.1,0.0,0.0,0.0,0.0,0.0,0.0,0.0,0.0,0.0,0.0,0.0,0.0,DF-MF,Right,175.0,69.0,"￡ 35,000"
Wolverhampton,Ty Barnett,ENG,FW,18.0,0.0,0.0,0.0,0.0,0.0,0.0,0.0,0.0,0.0,0.0,0.0,0.0,0.0,0.0,0.0,0.0,unknown,unknown,182.1,73.7,0
Wolverhampton,Leon Chiwome,ENG,FW,18.0,0.0,0.0,0.0,0.0,0.0,0.0,0.0,0.0,0.0,0.0,0.0,0.0,0.0,0.0,0.0,0.0,F,unknown,182.1,73.7,0
Wolverhampton,Enso Gonzalez,PAR,MF,19.0,0.0,0.0,0.0,0.0,0.0,0.0,0.0,0.0,0.0,0.0,0.0,0.0,0.0,0.0,0.0,0.0,unknown,unknown,182.1,73.7,0
Wolverhampton,Harvey Griffiths,ENG,MF,20.0,0.0,0.0,0.0,0.0,0.0,0.0,0.0,0.0,0.0,0.0,0.0,0.0,0.0,0.0,0.0,0.0,unknown,unknown,182.1,73.7,0
Wolverhampton,Owen Hesketh,WAL,MF,21.0,0.0,0.0,0.0,0.0,0.0,0.0,0.0,0.0,0.0,0.0,0.0,0.0,0.0,0.0,0.0,0.0,unknown,unknown,182.1,73.7,0
Wolverhampton,Joseph Hodge,IRL,MF,21.0,0.0,0.0,0.0,0.0,0.0,0.0,0.0,0.0,0.0,0.0,0.0,0.0,0.0,0.0,0.0,0.0,M,unknown,177.0,76.0,0
Wolverhampton,Justin Hubner,IDN,DF,20.0,0.0,0.0,0.0,0.0,0.0,0.0,0.0,0.0,0.0,0.0,0.0,0.0,0.0,0.0,0.0,0.0,unknown,unknown,182.1,73.7,0
Wolverhampton,Tom King,WAL,GK,29.0,0.0,0.0,0.0,0.0,0.0,0.0,0.0,0.0,0.0,0.0,0.0,0.0,0.0,0.0,0.0,0.0,GK,Right,172.0,69.0,"￡ 10,000"
Wolverhampton,Noha Lemina,FRA,FW,18.0,0.0,0.0,0.0,0.0,0.0,0.0,0.0,0.0,0.0,0.0,0.0,0.0,0.0,0.0,0.0,0.0,unknown,unknown,182.1,73.7,0
Wolverhampton,Yerson Mosquera,COL,DF,22.0,0.0,0.0,0.0,0.0,0.0,0.0,0.0,0.0,0.0,0.0,0.0,0.0,0.0,0.0,0.0,0.0,DF,Right,188.0,79.0,"€ 10,769"
Wolverhampton,Wesley Okoduwa,ENG,FW,17.0,0.0,0.0,0.0,0.0,0.0,0.0,0.0,0.0,0.0,0.0,0.0,0.0,0.0,0.0,0.0,0.0,unknown,unknown,182.1,73.7,0
Wolverhampton,Matthew Whittingham,ENG,MF,19.0,0.0,0.0,0.0,0.0,0.0,0.0,0.0,0.0,0.0,0.0,0.0,0.0,0.0,0.0,0.0,0.0,unknown,unknown,182.1,73.7,0
Newcastle,Fabian Schar,SUI,DF,32.0,28.0,28.0,2443.0,27.1,3.0,1.0,4.0,3.0,0.0,0.0,4.0,0.0,2.4,2.4,0.6,3.0,DF,Right,186.0,84.0,"￡ 45,000"
Newcastle,Bruno Guimaraes,BRA,MF,26.0,27.0,27.0,2364.0,26.3,3.0,5.0,8.0,3.0,0.0,0.0,9.0,0.0,2.6,2.6,4.2,6.8,MF,Right,182.0,77.0,"￡ 160,000"
Newcastle,Anthony Gordon,ENG,FW,23.0,27.0,26.0,2187.0,24.3,9.0,5.0,14.0,8.0,1.0,1.0,8.0,0.0,7.8,7.0,4.7,11.6,FW-MF,Right,173.0,62.0,"￡ 60,000"
Newcastle,Kieran Trippier,ENG,DF,33.0,25.0,25.0,2163.0,24.0,1.0,10.0,11.0,1.0,0.0,0.0,5.0,0.0,0.7,0.7,7.4,8.1,DF-MF,Right,178.0,66.0,"￡ 120,000"
Newcastle,Miguel Almiron,PAR,FW,30.0,28.0,23.0,1838.0,20.4,3.0,1.0,4.0,3.0,0.0,0.0,1.0,0.0,4.5,4.5,2.0,6.5,FW-MF,Left,174.0,69.0,"￡ 60,000"
Newcastle,Dan Burn,ENG,DF,31.0,23.0,22.0,1826.0,20.3,2.0,2.0,4.0,2.0,0.0,0.0,3.0,0.0,2.4,2.4,1.0,3.4,DF,Left,198.0,87.0,"￡ 55,000"
Newcastle,Sean Longstaff,ENG,MF,26.0,25.0,20.0,1899.0,21.1,4.0,2.0,6.0,4.0,0.0,0.0,5.0,0.0,3.6,3.6,1.7,5.2,MF,Right,181.0,77.0,"￡ 50,000"
Newcastle,Alexander Isak,SWE,FW,24.0,20.0,17.0,1402.0,15.6,12.0,0.0,12.0,10.0,2.0,2.0,0.0,0.0,10.9,9.4,1.1,10.4,FW,Right,190.0,69.0,"￡ 120,000"
Newcastle,Sven Botman,NED,DF,24.0,17.0,15.0,1377.0,15.3,2.0,2.0,4.0,2.0,0.0,0.0,2.0,0.0,0.6,0.6,1.0,1.6,DF,Left,195.0,86.0,"￡ 90,000"
Newcastle,Nick Pope,ENG,GK,31.0,14.0,14.0,1255.0,13.9,0.0,0.0,0.0,0.0,0.0,0.0,0.0,0.0,0.0,0.0,0.0,0.0,GK,Right,190.0,76.0,"￡ 60,000"
Newcastle,Lewis Miley,ENG,MF,17.0,17.0,14.0,1202.0,13.4,1.0,3.0,4.0,1.0,0.0,0.0,1.0,0.0,1.2,1.2,1.7,2.9,M,unknown,182.1,73.7,0
Newcastle,Joelinton,BRA,"MF,FW",27.0,16.0,14.0,1133.0,12.6,2.0,1.0,3.0,2.0,0.0,0.0,5.0,0.0,2.3,2.3,2.0,4.3,FW-MF,Right,190.0,76.0,"￡ 85,000"
Newcastle,Martin Dubravka,SVK,GK,35.0,14.0,13.0,1175.0,13.1,0.0,0.0,0.0,0.0,0.0,0.0,1.0,0.0,0.0,0.0,0.1,0.1,GK,Right,190.0,83.0,"￡ 40,000"
Newcastle,Jamaal Lascelles,ENG,DF,30.0,15.0,12.0,1064.0,11.8,1.0,0.0,1.0,1.0,0.0,0.0,4.0,0.0,0.7,0.7,0.1,0.8,DF,Right,189.0,83.0,"￡ 40,000"
Newcastle,Valentino Livramento,ENG,DF,21.0,21.0,8.0,975.0,10.8,1.0,0.0,1.0,1.0,0.0,0.0,1.0,0.0,0.3,0.3,0.4,0.7,DF-MF,Right,173.0,63.0,"￡ 50,000"
Newcastle,Callum Wilson,ENG,FW,32.0,16.0,8.0,862.0,9.6,7.0,1.0,8.0,5.0,2.0,2.0,2.0,0.0,7.2,5.7,0.5,6.2,FW,Right,180.0,66.0,"￡ 46,000"
Newcastle,Sandro Tonali,ITA,MF,23.0,8.0,5.0,438.0,4.9,1.0,0.0,1.0,1.0,0.0,0.0,2.0,0.0,0.7,0.7,0.6,1.3,MF,Right,181.0,78.0,￡ 
Newcastle,Jacob Murphy,ENG,FW,29.0,11.0,4.0,476.0,5.3,2.0,3.0,5.0,2.0,0.0,0.0,1.0,0.0,0.9,0.9,2.1,3.1,DF-FW-MF,Right,176.0,69.0,"￡ 35,000"
Newcastle,Elliot Anderson,SCO,"MF,FW",21.0,11.0,4.0,434.0,4.8,0.0,1.0,1.0,0.0,0.0,0.0,0.0,0.0,0.7,0.7,0.9,1.6,MF,Right,179.0,72.0,"￡ 30,000"
Newcastle,Harvey Barnes,ENG,FW,26.0,11.0,3.0,360.0,4.0,2.0,1.0,3.0,2.0,0.0,0.0,1.0,0.0,1.2,1.2,0.9,2.0,FW-MF,Right,174.0,68.0,"￡ 80,000"
Newcastle,Joe Willock,ENG,MF,24.0,6.0,3.0,304.0,3.4,1.0,0.0,1.0,1.0,0.0,0.0,0.0,0.0,0.7,0.7,0.4,1.1,MF,Right,178.0,73.0,"￡ 80,000"
Newcastle,Lewis Hall,ENG,DF,19.0,8.0,1.0,111.0,1.2,0.0,0.0,0.0,0.0,0.0,0.0,1.0,0.0,0.0,0.0,0.0,0.0,M,unknown,179.0,72.0,0
Newcastle,Loris Karius,GER,GK,30.0,1.0,1.0,90.0,1.0,0.0,0.0,0.0,0.0,0.0,0.0,0.0,0.0,0.0,0.0,0.0,0.0,GK,Right,187.0,74.0,"￡ 10,000"
Newcastle,Matt Targett,ENG,DF,28.0,3.0,1.0,78.0,0.9,0.0,0.0,0.0,0.0,0.0,0.0,1.0,0.0,0.0,0.0,0.0,0.0,DF-MF,Left,178.0,69.0,"￡ 100,000"
Newcastle,Matt Ritchie,SCO,FW,34.0,8.0,0.0,109.0,1.2,1.0,0.0,1.0,1.0,0.0,0.0,1.0,0.0,0.8,0.8,0.0,0.8,DF-MF,Left,173.0,71.0,"￡ 45,000"
Newcastle,Emil Krafth,SWE,DF,29.0,7.0,0.0,108.0,1.2,0.0,0.0,0.0,0.0,0.0,0.0,0.0,0.0,0.1,0.1,0.5,0.6,DF,Right,181.0,78.0,"￡ 55,000"
Newcastle,Ben Parkinson,ENG,FW,19.0,1.0,0.0,25.0,0.3,0.0,0.0,0.0,0.0,0.0,0.0,0.0,0.0,0.0,0.0,0.0,0.0,unknown,unknown,182.1,73.7,0
Newcastle,Joe White,ENG,MF,21.0,2.0,0.0,11.0,0.1,0.0,0.0,0.0,0.0,0.0,0.0,1.0,0.0,0.0,0.0,0.0,0.0,unknown,unknown,182.1,73.7,0
Newcastle,Paul Dummett,WAL,DF,32.0,1.0,0.0,5.0,0.1,0.0,0.0,0.0,0.0,0.0,0.0,0.0,0.0,0.0,0.0,0.0,0.0,DF,Left,185.0,64.0,"￡ 35,000"
Newcastle,Alex Murphy,IRL,"FW,DF",19.0,1.0,0.0,4.0,0.0,0.0,0.0,0.0,0.0,0.0,0.0,0.0,0.0,0.0,0.0,0.0,0.0,unknown,unknown,182.1,73.7,0
Newcastle,Amadou Diallo,ENG,MF,21.0,1.0,0.0,1.0,0.0,0.0,0.0,0.0,0.0,0.0,0.0,0.0,0.0,0.0,0.0,0.0,0.0,unknown,unknown,182.1,73.7,0
Newcastle,Michael Ndiweni,ENG,FW,20.0,1.0,0.0,1.0,0.0,0.0,0.0,0.0,0.0,0.0,0.0,0.0,0.0,0.0,0.0,0.0,0.0,unknown,unknown,182.1,73.7,0
Newcastle,Mark Gillespie,ENG,GK,31.0,0.0,0.0,0.0,0.0,0.0,0.0,0.0,0.0,0.0,0.0,0.0,0.0,0.0,0.0,0.0,0.0,GK,Right,188.0,79.0,"￡ 10,000"
Newcastle,Travis Hearnes,ENG,MF,18.0,0.0,0.0,0.0,0.0,0.0,0.0,0.0,0.0,0.0,0.0,0.0,0.0,0.0,0.0,0.0,0.0,unknown,unknown,182.1,73.7,0
Newcastle,Javier Manquillo,ESP,DF,29.0,0.0,0.0,0.0,0.0,0.0,0.0,0.0,0.0,0.0,0.0,0.0,0.0,0.0,0.0,0.0,0.0,DF,Right,175.0,69.0,"€ 21,923"
Chelsea,Conor Gallagher,ENG,MF,24.0,26.0,26.0,2182.0,24.2,2.0,5.0,7.0,2.0,0.0,0.0,7.0,1.0,2.4,2.4,4.2,6.5,MF,Right,182.0,73.0,"￡ 50,000"
Chelsea,Axel Disasi,FRA,DF,26.0,25.0,25.0,2226.0,24.7,2.0,0.0,2.0,2.0,0.0,0.0,6.0,0.0,1.4,1.4,0.2,1.6,DF,Right,190.0,86.0,"￡ 80,000"
Chelsea,Thiago Silva,BRA,DF,39.0,23.0,22.0,1983.0,22.0,2.0,0.0,2.0,2.0,0.0,0.0,3.0,0.0,0.4,0.4,0.6,1.0,DF,Right,183.0,78.0,"￡ 110,000"
Chelsea,Moises Caicedo,ECU,MF,22.0,24.0,22.0,1941.0,21.6,0.0,1.0,1.0,0.0,0.0,0.0,8.0,0.0,0.2,0.2,1.5,1.7,MF,Right,178.0,74.0,"￡ 150,000"
Chelsea,Enzo Fernandez,ARG,MF,23.0,24.0,22.0,1873.0,20.8,3.0,1.0,4.0,2.0,1.0,2.0,6.0,0.0,5.7,4.1,2.9,7.1,MF,Right,178.0,78.0,"￡ 180,000"
Chelsea,Raheem Sterling,ENG,"FW,MF",29.0,25.0,21.0,1813.0,20.1,6.0,3.0,9.0,6.0,0.0,0.0,6.0,0.0,5.5,5.5,3.8,9.3,FW-MF,Right,170.0,69.0,"￡ 325,000"
Chelsea,Nicolas Jackson,SEN,FW,22.0,24.0,20.0,1815.0,20.2,9.0,3.0,12.0,9.0,0.0,0.0,9.0,0.0,12.6,12.6,2.7,15.4,F,unknown,186.0,78.0,"￡ 65,000"
Chelsea,Levi Colwill,ENG,DF,21.0,23.0,20.0,1797.0,20.0,1.0,1.0,2.0,1.0,0.0,0.0,2.0,0.0,1.3,1.3,1.2,2.5,DF,unknown,187.0,74.0,"￡ 100,000"
Chelsea,Cole Palmer,ENG,"FW,MF",21.0,23.0,19.0,1740.0,19.3,11.0,8.0,19.0,6.0,5.0,5.0,7.0,0.0,8.9,4.9,6.6,11.5,FW-MF,Left,189.0,73.0,"￡ 75,000"
Chelsea,Robert Sanchez,ESP,GK,26.0,16.0,16.0,1433.0,15.9,0.0,0.0,0.0,0.0,0.0,0.0,2.0,0.0,0.0,0.0,0.0,0.0,GK,Right,197.0,87.0,"￡ 60,000"
Chelsea,Malo Gusto,FRA,DF,20.0,20.0,15.0,1368.0,15.2,0.0,5.0,5.0,0.0,0.0,0.0,5.0,1.0,0.4,0.4,3.2,3.6,DF,Right,179.0,66.0,"￡ 45,000"
Chelsea,Dorde Petrovic,SRB,GK,24.0,12.0,11.0,997.0,11.1,0.0,0.0,0.0,0.0,0.0,0.0,2.0,0.0,0.0,0.0,0.0,0.0,GK,Right,194.0,88.0,"￡ 25,000"
Chelsea,Mykhailo Mudryk,UKR,"FW,MF",23.0,21.0,9.0,911.0,10.1,4.0,2.0,6.0,4.0,0.0,0.0,3.0,0.0,2.8,2.8,1.8,4.6,MF,Right,175.0,60.0,"￡ 100,000"
Chelsea,Marc Cucurella,ESP,DF,25.0,10.0,9.0,793.0,8.8,0.0,0.0,0.0,0.0,0.0,0.0,5.0,0.0,0.8,0.8,0.2,1.0,DF-MF,Left,175.0,68.0,"￡ 175,000"
Chelsea,Ben Chilwell,ENG,DF,27.0,12.0,9.0,745.0,8.3,0.0,1.0,1.0,0.0,0.0,0.0,5.0,0.0,1.2,1.2,2.2,3.4,DF-MF,Left,178.0,71.0,"￡ 200,000"
Chelsea,Benoit Badiashile,FRA,DF,22.0,8.0,6.0,560.0,6.2,0.0,1.0,1.0,0.0,0.0,0.0,1.0,0.0,0.1,0.1,0.5,0.7,DF,Left,194.0,67.0,"￡ 90,000"
Chelsea,Armando Broja,ALB,FW,22.0,13.0,6.0,454.0,5.0,1.0,0.0,1.0,1.0,0.0,0.0,0.0,0.0,2.4,2.4,0.2,2.5,FW,Right,191.0,83.0,"￡ 40,000"
Chelsea,Reece James,ENG,DF,24.0,8.0,5.0,388.0,4.3,0.0,1.0,1.0,0.0,0.0,0.0,2.0,1.0,0.3,0.3,1.5,1.8,DF-MF,Right,172.0,63.0,"￡ 250,000"
Chelsea,Noni Madueke,ENG,FW,22.0,12.0,4.0,349.0,3.9,2.0,0.0,2.0,1.0,1.0,1.0,1.0,0.0,1.2,0.4,0.6,1.0,FW-MF,Left,176.0,66.0,0
Chelsea,Lesley Ugochukwu,FRA,MF,19.0,10.0,3.0,273.0,3.0,0.0,0.0,0.0,0.0,0.0,0.0,2.0,0.0,0.0,0.0,0.0,0.0,MF,Right,188.0,83.0,"￡ 45,000"
Chelsea,Christopher Nkunku,FRA,"FW,MF",26.0,7.0,2.0,319.0,3.5,2.0,0.0,2.0,2.0,0.0,0.0,0.0,0.0,1.7,1.7,0.1,1.9,FW-MF,Right,175.0,68.0,"￡ 195,000"
Chelsea,Trevoh Chalobah,ENG,DF,24.0,3.0,2.0,200.0,2.2,0.0,0.0,0.0,0.0,0.0,0.0,0.0,0.0,0.0,0.0,0.0,0.0,DF-MF,Right,190.0,74.0,"￡ 50,000"
Chelsea,Carney Chukwuemeka,ENG,"MF,FW",20.0,6.0,2.0,171.0,1.9,1.0,1.0,2.0,1.0,0.0,0.0,2.0,0.0,0.1,0.1,0.3,0.4,M,unknown,182.0,69.0,"￡ 100,000"
Chelsea,Ian Maatsen,NED,"FW,MF",22.0,12.0,1.0,209.0,2.3,0.0,0.0,0.0,0.0,0.0,0.0,1.0,0.0,0.8,0.8,0.1,0.9,DF-MF,Left,167.0,57.0,"￡ 20,000"
Chelsea,Romeo Lavia,BEL,MF,20.0,1.0,0.0,33.0,0.4,0.0,0.0,0.0,0.0,0.0,0.0,0.0,0.0,0.0,0.0,0.0,0.0,MF,Right,181.0,69.0,0
Chelsea,Cesare Casadei,ITA,"MF,FW",21.0,3.0,0.0,20.0,0.2,0.0,0.0,0.0,0.0,0.0,0.0,0.0,0.0,0.0,0.0,0.1,0.1,M,unknown,176.0,62.0,0
Chelsea,Alfie Gilchrist,ENG,"DF,FW",20.0,5.0,0.0,20.0,0.2,0.0,0.0,0.0,0.0,0.0,0.0,0.0,0.0,0.0,0.0,0.0,0.0,unknown,unknown,182.1,73.7,0
Chelsea,Deivid Washington,BRA,DF,18.0,1.0,0.0,10.0,0.1,0.0,0.0,0.0,0.0,0.0,0.0,0.0,0.0,0.5,0.5,0.0,0.5,unknown,unknown,182.1,73.7,0
Chelsea,Mason Burstow,ENG,FW,20.0,2.0,0.0,9.0,0.1,0.0,0.0,0.0,0.0,0.0,0.0,0.0,0.0,0.0,0.0,0.0,0.0,unknown,unknown,182.1,73.7,0
Chelsea,Alex Matos,ENG,MF,19.0,1.0,0.0,1.0,0.0,0.0,0.0,0.0,0.0,0.0,0.0,0.0,0.0,0.0,0.0,0.0,0.0,unknown,unknown,182.1,73.7,0
Chelsea,Marcus Bettinelli,ENG,GK,31.0,0.0,0.0,0.0,0.0,0.0,0.0,0.0,0.0,0.0,0.0,1.0,0.0,0.0,0.0,0.0,0.0,GK,Right,193.0,82.0,"￡ 35,000"
Chelsea,Joshua Acheampong,ENG,DF,17.0,0.0,0.0,0.0,0.0,0.0,0.0,0.0,0.0,0.0,0.0,0.0,0.0,0.0,0.0,0.0,0.0,D,unknown,185.0,73.7,0
Chelsea,Eddie Beach,WAL,GK,20.0,0.0,0.0,0.0,0.0,0.0,0.0,0.0,0.0,0.0,0.0,0.0,0.0,0.0,0.0,0.0,0.0,G,unknown,182.1,73.7,0
Chelsea,Lucas Bergstrom,FIN,GK,21.0,0.0,0.0,0.0,0.0,0.0,0.0,0.0,0.0,0.0,0.0,0.0,0.0,0.0,0.0,0.0,0.0,GK,Right,205.0,87.0,￡ 
Chelsea,Joshua Brooking,ENG,DF,21.0,0.0,0.0,0.0,0.0,0.0,0.0,0.0,0.0,0.0,0.0,0.0,0.0,0.0,0.0,0.0,0.0,unknown,unknown,182.1,73.7,0
Chelsea,Leo Castledine,ENG,MF,18.0,0.0,0.0,0.0,0.0,0.0,0.0,0.0,0.0,0.0,0.0,0.0,0.0,0.0,0.0,0.0,0.0,unknown,unknown,182.1,73.7,0
Chelsea,Ollie Harrison,ENG,MF,16.0,0.0,0.0,0.0,0.0,0.0,0.0,0.0,0.0,0.0,0.0,0.0,0.0,0.0,0.0,0.0,0.0,unknown,unknown,182.1,73.7,0
Chelsea,Bashir Humphreys,ENG,DF,21.0,0.0,0.0,0.0,0.0,0.0,0.0,0.0,0.0,0.0,0.0,0.0,0.0,0.0,0.0,0.0,0.0,D,unknown,182.1,73.7,0
Chelsea,Diego Moreira,POR,MF,19.0,0.0,0.0,0.0,0.0,0.0,0.0,0.0,0.0,0.0,0.0,0.0,0.0,0.0,0.0,0.0,0.0,unknown,unknown,182.1,73.7,0
Chelsea,Ishe Samuels-smith,ENG,DF,17.0,0.0,0.0,0.0,0.0,0.0,0.0,0.0,0.0,0.0,0.0,0.0,0.0,0.0,0.0,0.0,0.0,D,unknown,182.1,73.7,0
Chelsea,Andrey Santos,BRA,MF,19.0,0.0,0.0,0.0,0.0,0.0,0.0,0.0,0.0,0.0,0.0,0.0,0.0,0.0,0.0,0.0,0.0,MF,Right,176.0,72.0,0
Chelsea,Ronnie Stutter,ENG,FW,19.0,0.0,0.0,0.0,0.0,0.0,0.0,0.0,0.0,0.0,0.0,0.0,0.0,0.0,0.0,0.0,0.0,unknown,unknown,182.1,73.7,0
Chelsea,Jimi Tauriainen,ENG,FW,20.0,0.0,0.0,0.0,0.0,0.0,0.0,0.0,0.0,0.0,0.0,0.0,0.0,0.0,0.0,0.0,0.0,unknown,unknown,182.1,73.7,0
Fulham,Bernd Leno,GER,GK,32.0,28.0,28.0,2520.0,28.0,0.0,0.0,0.0,0.0,0.0,0.0,3.0,0.0,0.0,0.0,0.0,0.0,GK,Right,190.0,78.0,"￡ 130,000"
Fulham,Antonee Robinson,USA,DF,26.0,27.0,27.0,2378.0,26.4,0.0,5.0,5.0,0.0,0.0,0.0,4.0,0.0,0.5,0.5,3.2,3.7,DF,Left,179.0,72.0,"￡ 50,000"
Fulham,Andreas Pereira,BRA,MF,28.0,28.0,25.0,1930.0,21.4,1.0,5.0,6.0,1.0,0.0,0.0,5.0,0.0,2.0,2.0,5.1,7.1,MF,Right,177.0,66.0,"￡ 50,000"
Fulham,Timothy Castagne,BEL,DF,28.0,25.0,21.0,1928.0,21.4,0.0,1.0,1.0,0.0,0.0,0.0,2.0,0.0,1.3,1.3,0.9,2.2,DF-MF,Right,180.0,79.0,"￡ 65,000"
Fulham,Joao Palhinha,POR,MF,28.0,23.0,21.0,1870.0,20.8,3.0,1.0,4.0,3.0,0.0,0.0,11.0,0.0,2.1,2.1,0.3,2.4,MF,Right,190.0,77.0,"￡ 80,000"
Fulham,Willian,BRA,FW,35.0,23.0,18.0,1531.0,17.0,4.0,2.0,6.0,2.0,2.0,2.0,1.0,0.0,4.5,2.9,3.0,5.9,FW-MF,Right,175.0,69.0,"￡ 90,000"
Fulham,Raul Jimenez,MEX,FW,32.0,19.0,17.0,1240.0,13.8,5.0,0.0,5.0,5.0,0.0,0.0,3.0,1.0,4.5,4.5,1.3,5.8,FW,Right,188.0,79.0,"￡ 100,000"
Fulham,Tim Ream,USA,DF,36.0,17.0,16.0,1413.0,15.7,1.0,0.0,1.0,1.0,0.0,0.0,4.0,1.0,1.0,1.0,0.0,1.0,DF,Left,185.0,73.0,"￡ 30,000"
Fulham,Calvin Bassey,NGA,DF,24.0,19.0,15.0,1403.0,15.6,1.0,0.0,1.0,1.0,0.0,0.0,4.0,1.0,0.2,0.2,0.0,0.2,DF,Left,185.0,76.0,"￡ 45,000"
Fulham,Alex Iwobi,NGA,"FW,MF",27.0,20.0,15.0,1400.0,15.6,5.0,1.0,6.0,5.0,0.0,0.0,2.0,0.0,4.6,4.6,2.5,7.1,FW-MF,Right,180.0,74.0,"￡ 80,000"
Fulham,Harry Wilson,WAL,FW,26.0,26.0,14.0,1392.0,15.5,3.0,4.0,7.0,3.0,0.0,0.0,6.0,0.0,2.9,2.9,2.7,5.6,FW-MF,Left,173.0,69.0,"￡ 35,000"
Fulham,Bobby Reid,JAM,FW,31.0,24.0,14.0,1161.0,12.9,5.0,2.0,7.0,5.0,0.0,0.0,3.0,0.0,3.6,3.6,1.7,5.3,FW-MF,Right,170.0,66.0,"￡ 35,000"
Fulham,Tom Cairney,SCO,MF,33.0,26.0,13.0,1246.0,13.8,1.0,3.0,4.0,1.0,0.0,0.0,2.0,0.0,0.8,0.8,1.9,2.7,MF,Left,183.0,72.0,"￡ 30,000"
Fulham,Issa Diop,FRA,DF,27.0,15.0,13.0,1155.0,12.8,0.0,0.0,0.0,0.0,0.0,0.0,2.0,0.0,0.2,0.2,0.0,0.2,DF,Right,194.0,89.0,"￡ 70,000"
Fulham,Harrison Reed,ENG,MF,29.0,22.0,13.0,1137.0,12.6,0.0,1.0,1.0,0.0,0.0,0.0,4.0,0.0,0.2,0.2,0.9,1.1,MF,Right,176.0,74.0,"￡ 50,000"
Fulham,Tosin Adarabioyo,ENG,DF,26.0,14.0,12.0,1083.0,12.0,1.0,0.0,1.0,1.0,0.0,0.0,1.0,0.0,0.6,0.6,0.1,0.6,DF,Right,196.0,79.0,"￡ 40,000"
Fulham,Rodrigo Muniz,BRA,FW,22.0,16.0,9.0,873.0,9.7,5.0,1.0,6.0,5.0,0.0,0.0,1.0,0.0,3.8,3.8,1.6,5.4,F,unknown,178.0,67.0,"￡ 7,500"
Fulham,Kenny Tete,NED,DF,28.0,10.0,8.0,672.0,7.5,1.0,0.0,1.0,1.0,0.0,0.0,2.0,0.0,0.8,0.8,0.1,0.9,DF,Right,180.0,69.0,"￡ 50,000"
Fulham,Sasa Lukic,SRB,MF,27.0,16.0,7.0,644.0,7.2,0.0,0.0,0.0,0.0,0.0,0.0,2.0,0.0,0.8,0.8,0.3,1.2,MF,Right,183.0,73.0,"￡ 63,000"
Fulham,Carlos Vinicius,BRA,FW,28.0,13.0,2.0,315.0,3.5,2.0,0.0,2.0,2.0,0.0,0.0,2.0,0.0,1.6,1.6,0.8,2.4,FW,Left,190.0,83.0,"￡ 25,000"
Fulham,Adama Traore,ESP,"FW,MF",28.0,9.0,0.0,108.0,1.2,1.0,1.0,2.0,1.0,0.0,0.0,1.0,0.0,1.2,1.2,0.3,1.6,FW-MF,Right,178.0,72.0,"￡ 65,000"
Fulham,Luke Harris,WAL,MF,18.0,1.0,0.0,75.0,0.8,0.0,0.0,0.0,0.0,0.0,0.0,0.0,0.0,0.3,0.3,0.0,0.3,M,unknown,177.0,63.0,0
Fulham,Fode Ballo-toure,SEN,"DF,MF",27.0,5.0,0.0,58.0,0.6,0.0,0.0,0.0,0.0,0.0,0.0,1.0,0.0,0.0,0.0,0.0,0.0,DF,Left,182.0,69.0,"￡ 32,500"
Fulham,Armando Broja,ALB,FW,22.0,4.0,0.0,51.0,0.6,0.0,1.0,1.0,0.0,0.0,0.0,0.0,0.0,0.0,0.0,0.4,0.4,FW,Right,191.0,83.0,"￡ 40,000"
Fulham,Aleksandar Mitrovic,SRB,FW,29.0,1.0,0.0,33.0,0.4,0.0,0.0,0.0,0.0,0.0,0.0,0.0,0.0,0.2,0.2,0.0,0.2,FW,Right,189.0,83.0,"￡ 80,000"
Fulham,Marek Rodak,SVK,GK,27.0,0.0,0.0,0.0,0.0,0.0,0.0,0.0,0.0,0.0,0.0,1.0,0.0,0.0,0.0,0.0,0.0,GK,Right,188.0,78.0,"￡ 15,000"
Fulham,Luc De Fougerolles,CAN,DF,18.0,0.0,0.0,0.0,0.0,0.0,0.0,0.0,0.0,0.0,0.0,0.0,0.0,0.0,0.0,0.0,0.0,unknown,unknown,182.1,73.7,0
Fulham,Matt Dibley-dias,NZL,MF,20.0,0.0,0.0,0.0,0.0,0.0,0.0,0.0,0.0,0.0,0.0,0.0,0.0,0.0,0.0,0.0,0.0,unknown,unknown,182.1,73.7,0
Fulham,Tyrese Francois,AUS,MF,23.0,0.0,0.0,0.0,0.0,0.0,0.0,0.0,0.0,0.0,0.0,0.0,0.0,0.0,0.0,0.0,0.0,MF,Right,167.0,55.0,"￡ 7,000"
Fulham,Joshua King,ENG,MF,17.0,0.0,0.0,0.0,0.0,0.0,0.0,0.0,0.0,0.0,0.0,0.0,0.0,0.0,0.0,0.0,0.0,unknown,unknown,182.1,73.7,0
Fulham,Kevin Mbabu,SUI,DF,28.0,0.0,0.0,0.0,0.0,0.0,0.0,0.0,0.0,0.0,0.0,0.0,0.0,0.0,0.0,0.0,0.0,DF,Right,184.0,79.0,"€ 46,538"
Fulham,Kristian Sekularac,SUI,MF,20.0,0.0,0.0,0.0,0.0,0.0,0.0,0.0,0.0,0.0,0.0,0.0,0.0,0.0,0.0,0.0,0.0,unknown,unknown,182.1,73.7,0
Fulham,Jay Stansfield,ENG,"FW,MF",21.0,0.0,0.0,0.0,0.0,0.0,0.0,0.0,0.0,0.0,0.0,0.0,0.0,0.0,0.0,0.0,0.0,FW-MF,Right,180.0,69.0,0
Fulham,Devan Tanton,COL,DF,20.0,0.0,0.0,0.0,0.0,0.0,0.0,0.0,0.0,0.0,0.0,0.0,0.0,0.0,0.0,0.0,0.0,D,unknown,182.1,73.7,0
Bournemouth,Illia Zabarnyi,UKR,DF,21.0,28.0,28.0,2520.0,28.0,0.0,0.0,0.0,0.0,0.0,0.0,4.0,0.0,0.7,0.7,0.3,1.0,DF,Right,189.0,81.0,0
Bournemouth,Dominic Solanke,ENG,FW,26.0,28.0,28.0,2494.0,27.7,15.0,3.0,18.0,14.0,1.0,2.0,2.0,0.0,15.9,14.4,2.2,16.6,FW,Right,187.0,74.0,"￡ 50,000"
Bournemouth,Ryan Christie,SCO,MF,29.0,28.0,27.0,2189.0,24.3,0.0,4.0,4.0,0.0,0.0,0.0,4.0,0.0,1.5,1.5,4.4,5.9,FW-MF,Left,178.0,72.0,"￡ 50,000"
Bournemouth,Neto,BRA,GK,34.0,26.0,26.0,2340.0,26.0,0.0,0.0,0.0,0.0,0.0,0.0,4.0,0.0,0.0,0.0,0.0,0.0,GK,Right,193.0,83.0,"￡ 50,000"
Bournemouth,Lewis Cook,ENG,MF,27.0,23.0,22.0,1890.0,21.0,0.0,3.0,3.0,0.0,0.0,0.0,4.0,1.0,0.2,0.2,2.9,3.1,MF,Right,175.0,69.0,"￡ 40,000"
Bournemouth,Marcus Tavernier,ENG,FW,24.0,25.0,21.0,1815.0,20.2,2.0,4.0,6.0,2.0,0.0,0.0,2.0,0.0,3.7,3.7,5.0,8.7,FW-MF,Left,176.0,68.0,"￡ 35,000"
Bournemouth,Marcos Senesi,ARG,DF,26.0,23.0,19.0,1658.0,18.4,3.0,2.0,5.0,3.0,0.0,0.0,8.0,0.0,1.0,1.0,0.9,1.8,DF,Left,184.0,78.0,"￡ 50,000"
Bournemouth,Antoine Semenyo,GHA,FW,24.0,24.0,18.0,1424.0,15.8,5.0,1.0,6.0,5.0,0.0,0.0,4.0,0.0,3.1,3.1,2.2,5.3,FW-MF,Both,180.0,69.0,"￡ 20,000"
Bournemouth,Justin Kluivert,NED,"MF,FW",24.0,22.0,17.0,1224.0,13.6,4.0,0.0,4.0,4.0,0.0,0.0,4.0,0.0,3.6,3.6,1.6,5.1,FW-MF,Right,171.0,68.0,"￡ 80,000"
Bournemouth,Milos Kerkez,HUN,DF,20.0,21.0,16.0,1447.0,16.1,0.0,1.0,1.0,0.0,0.0,0.0,3.0,0.0,0.4,0.4,0.4,0.8,DF,Left,182.1,73.7,"￡ 30,000"
Bournemouth,Adam Smith,ENG,DF,32.0,19.0,16.0,1420.0,15.8,0.0,2.0,2.0,0.0,0.0,0.0,4.0,0.0,0.0,0.0,0.7,0.7,DF-MF,Right,174.0,78.0,"￡ 35,000"
Bournemouth,Philip Billing,DEN,MF,27.0,23.0,12.0,1239.0,13.8,2.0,2.0,4.0,2.0,0.0,0.0,3.0,1.0,2.1,2.1,2.7,4.8,MF,Left,192.0,79.0,"￡ 45,000"
Bournemouth,Max Aarons,ENG,DF,24.0,14.0,12.0,1085.0,12.1,0.0,1.0,1.0,0.0,0.0,0.0,1.0,0.0,0.0,0.0,0.8,0.8,DF,Right,172.0,66.0,"￡ 35,000"
Bournemouth,Lloyd Kelly,ENG,DF,25.0,14.0,12.0,1012.0,11.2,0.0,0.0,0.0,0.0,0.0,0.0,1.0,0.0,0.1,0.1,0.2,0.4,DF,Left,181.0,68.0,"￡ 30,000"
Bournemouth,Alex Scott,ENG,MF,20.0,15.0,7.0,692.0,7.7,1.0,1.0,2.0,1.0,0.0,0.0,2.0,0.0,0.5,0.5,0.7,1.2,MF,Right,182.1,73.7,"￡ 40,000"
Bournemouth,Dango Ouattara,BFA,"FW,DF",22.0,20.0,6.0,673.0,7.5,1.0,1.0,2.0,1.0,0.0,0.0,2.0,0.0,1.8,1.8,1.0,2.9,FW-MF,Left,172.0,71.0,"￡ 35,000"
Bournemouth,Luis Sinisterra,COL,"FW,MF",24.0,19.0,6.0,661.0,7.3,2.0,2.0,4.0,2.0,0.0,0.0,0.0,0.0,2.1,2.1,2.3,4.3,FW-MF,Right,172.0,64.0,"￡ 65,000"
Bournemouth,Chris Mepham,WAL,DF,26.0,9.0,5.0,527.0,5.9,0.0,1.0,1.0,0.0,0.0,0.0,2.0,0.0,0.1,0.1,0.0,0.1,DF,Right,191.0,77.0,"￡ 35,000"
Bournemouth,Joe Rothwell,ENG,MF,29.0,11.0,3.0,386.0,4.3,0.0,0.0,0.0,0.0,0.0,0.0,0.0,0.0,0.1,0.1,0.2,0.3,FW-MF,Right,185.0,69.0,"￡ 8,000"
Bournemouth,David Brooks,WAL,"FW,MF",26.0,13.0,2.0,282.0,3.1,1.0,1.0,2.0,1.0,0.0,0.0,1.0,0.0,2.2,2.2,1.0,3.2,FW-MF,Left,177.0,69.0,"￡ 50,000"
Bournemouth,Ionut Radu,ROU,GK,26.0,2.0,2.0,180.0,2.0,0.0,0.0,0.0,0.0,0.0,0.0,0.0,0.0,0.0,0.0,0.0,0.0,GK,Right,188.0,79.0,"￡ 30,000"
Bournemouth,Jaidon Anthony,ENG,FW,24.0,3.0,2.0,152.0,1.7,0.0,0.0,0.0,0.0,0.0,0.0,1.0,0.0,0.1,0.1,0.0,0.1,FW-MF,Right,183.0,72.0,"￡ 25,000"
Bournemouth,James Hill,ENG,DF,22.0,3.0,1.0,71.0,0.8,0.0,0.0,0.0,0.0,0.0,0.0,0.0,0.0,0.0,0.0,0.0,0.0,D,unknown,184.0,73.0,"￡ 3,000"
Bournemouth,Kieffer Moore,WAL,"FW,MF",31.0,8.0,0.0,108.0,1.2,1.0,0.0,1.0,1.0,0.0,0.0,0.0,0.0,1.5,1.5,0.2,1.7,DF-FW,Right,196.0,83.0,"￡ 15,000"
Bournemouth,Enes Unal,TUR,"FW,MF",26.0,6.0,0.0,102.0,1.1,1.0,1.0,2.0,1.0,0.0,0.0,0.0,0.0,0.7,0.7,0.0,0.7,FW,Right,185.0,74.0,"€ 16,538"
Bournemouth,Hamed Junior Traore,CIV,MF,24.0,3.0,0.0,47.0,0.5,0.0,0.0,0.0,0.0,0.0,0.0,0.0,0.0,0.2,0.2,0.0,0.2,FW-MF,Right,177.0,68.0,"€ 35,577"
Bournemouth,Tyler Adams,USA,MF,25.0,1.0,0.0,20.0,0.2,0.0,0.0,0.0,0.0,0.0,0.0,0.0,0.0,0.0,0.0,0.0,0.0,MF,Right,180.0,69.0,"￡ 60,000"
Bournemouth,Romain Faivre,FRA,"MF,DF",25.0,3.0,0.0,18.0,0.2,0.0,0.0,0.0,0.0,0.0,0.0,1.0,0.0,0.1,0.1,0.0,0.1,FW-MF,Left,180.0,68.0,"€ 23,077"
Bournemouth,Ben Greenwood,IRL,DF,21.0,0.0,0.0,0.0,0.0,0.0,0.0,0.0,0.0,0.0,0.0,0.0,0.0,0.0,0.0,0.0,0.0,DF,Left,164.0,52.0,0
Bournemouth,Gavin Kilkenny,IRL,MF,24.0,0.0,0.0,0.0,0.0,0.0,0.0,0.0,0.0,0.0,0.0,0.0,0.0,0.0,0.0,0.0,0.0,M,unknown,182.1,73.7,"￡ 1,500"
Bournemouth,Emiliano Marcondes,DEN,"FW,MF",29.0,0.0,0.0,0.0,0.0,0.0,0.0,0.0,0.0,0.0,0.0,0.0,0.0,0.0,0.0,0.0,0.0,FW-MF,Right,183.0,74.0,"￡ 15,000"
Bournemouth,Darren Randolph,IRL,GK,36.0,0.0,0.0,0.0,0.0,0.0,0.0,0.0,0.0,0.0,0.0,0.0,0.0,0.0,0.0,0.0,0.0,GK,Right,188.0,97.0,"￡ 25,000"
Bournemouth,Dominic Sadi,ENG,MF,20.0,0.0,0.0,0.0,0.0,0.0,0.0,0.0,0.0,0.0,0.0,0.0,0.0,0.0,0.0,0.0,0.0,M,unknown,182.1,73.7,0
Bournemouth,Mark Travers,IRL,GK,24.0,0.0,0.0,0.0,0.0,0.0,0.0,0.0,0.0,0.0,0.0,0.0,0.0,0.0,0.0,0.0,0.0,GK,Right,191.0,82.0,"￡ 20,000"
Bournemouth,Maxwell Wellings,ENG,DF,19.0,0.0,0.0,0.0,0.0,0.0,0.0,0.0,0.0,0.0,0.0,0.0,0.0,0.0,0.0,0.0,0.0,unknown,unknown,182.1,73.7,0
Crystal,Joachim Andersen,DEN,DF,27.0,28.0,28.0,2519.0,28.0,2.0,2.0,4.0,2.0,0.0,0.0,4.0,0.0,1.3,1.3,1.7,3.0,DF,Right,190.0,74.0,"￡ 80,000"
Crystal,Tyrick Mitchell,ENG,DF,24.0,27.0,27.0,2347.0,26.1,1.0,2.0,3.0,1.0,0.0,0.0,5.0,0.0,0.7,0.7,1.6,2.4,DF,Left,175.0,66.0,"￡ 40,000"
Crystal,Jordan Ayew,GHA,"FW,MF",32.0,26.0,25.0,2134.0,23.7,4.0,6.0,10.0,4.0,0.0,0.0,8.0,1.0,3.6,3.6,4.0,7.6,FW-MF,Right,182.0,81.0,"￡ 25,000"
Crystal,Jefferson Lerma,COL,MF,29.0,23.0,23.0,2025.0,22.5,1.0,1.0,2.0,1.0,0.0,0.0,7.0,0.0,2.6,2.6,2.2,4.7,MF,Right,179.0,69.0,"￡ 70,000"
Crystal,Marc Guehi,ENG,DF,23.0,22.0,22.0,1912.0,21.2,0.0,1.0,1.0,0.0,0.0,0.0,2.0,0.0,0.6,0.6,0.5,1.2,DF,Right,182.0,82.0,"￡ 50,000"
Crystal,Sam Johnstone,ENG,GK,30.0,20.0,20.0,1796.0,20.0,0.0,0.0,0.0,0.0,0.0,0.0,1.0,0.0,0.0,0.0,0.0,0.0,GK,Right,191.0,84.0,"￡ 40,000"
Crystal,Joel Ward,ENG,DF,34.0,20.0,20.0,1692.0,18.8,0.0,1.0,1.0,0.0,0.0,0.0,4.0,0.0,0.9,0.9,0.2,1.1,DF-MF,Right,188.0,82.0,"￡ 35,000"
Crystal,Odsonne Edouard,FRA,"FW,MF",26.0,22.0,17.0,1427.0,15.9,6.0,0.0,6.0,6.0,0.0,0.0,3.0,0.0,5.7,5.7,1.1,6.8,FW,Right,187.0,83.0,"￡ 90,000"
Crystal,Jeffrey Schlupp,GHA,"FW,MF",31.0,20.0,17.0,1223.0,13.6,1.0,1.0,2.0,1.0,0.0,0.0,0.0,0.0,1.7,1.7,1.7,3.5,DF-FW-MF,Left,178.0,72.0,"￡ 50,000"
Crystal,Chris Richards,USA,"DF,MF",23.0,19.0,16.0,1464.0,16.3,1.0,0.0,1.0,1.0,0.0,0.0,2.0,0.0,0.3,0.3,0.2,0.5,DF,Right,188.0,81.0,"￡ 55,000"
Crystal,Jean-philippe Mateta,FRA,FW,26.0,25.0,15.0,1505.0,16.7,5.0,4.0,9.0,3.0,2.0,2.0,2.0,0.0,5.0,3.4,2.5,5.9,FW,Right,192.0,82.0,"￡ 50,000"
Crystal,Eberechi Eze,ENG,"MF,FW",25.0,18.0,15.0,1316.0,14.6,6.0,1.0,7.0,5.0,1.0,1.0,3.0,0.0,5.5,4.7,2.9,7.5,FW-MF,Right,173.0,69.0,"￡ 100,000"
Crystal,Will Hughes,ENG,MF,28.0,21.0,15.0,1313.0,14.6,0.0,0.0,0.0,0.0,0.0,0.0,3.0,0.0,0.2,0.2,0.8,1.0,MF,Left,185.0,73.0,"￡ 35,000"
Crystal,Cheick Doucoure,MLI,MF,24.0,11.0,11.0,919.0,10.2,0.0,0.0,0.0,0.0,0.0,0.0,2.0,0.0,0.3,0.3,0.7,1.0,MF,Right,180.0,73.0,"￡ 70,000"
Crystal,Michael Olise,FRA,"FW,MF",22.0,11.0,8.0,755.0,8.4,6.0,3.0,9.0,5.0,1.0,1.0,0.0,0.0,3.2,2.4,3.3,5.7,FW-MF,Left,178.0,68.0,"￡ 100,000"
Crystal,Dean Henderson,ENG,GK,27.0,8.0,8.0,720.0,8.0,0.0,0.0,0.0,0.0,0.0,0.0,1.0,0.0,0.0,0.0,0.0,0.0,GK,Right,188.0,73.0,"￡ 100,000"
Crystal,Nathaniel Clyne,ENG,DF,32.0,10.0,7.0,718.0,8.0,0.0,0.0,0.0,0.0,0.0,0.0,0.0,0.0,0.0,0.0,0.0,0.1,DF,Right,175.0,67.0,"￡ 80,000"
Crystal,Daniel Munoz,COL,"DF,MF",27.0,6.0,6.0,540.0,6.0,0.0,1.0,1.0,0.0,0.0,0.0,3.0,0.0,0.6,0.6,0.5,1.2,DF-MF,Right,183.0,79.0,"￡ 45,000"
Crystal,Adam Wharton,ENG,MF,19.0,6.0,5.0,455.0,5.1,0.0,0.0,0.0,0.0,0.0,0.0,1.0,0.0,0.1,0.1,0.6,0.7,unknown,unknown,182.1,73.7,0
Crystal,Jairo Riedewald,NED,"MF,FW",27.0,4.0,2.0,176.0,2.0,0.0,0.0,0.0,0.0,0.0,0.0,0.0,0.0,0.0,0.0,0.0,0.0,DF-MF,Left,186.0,78.0,"￡ 55,000"
Crystal,Matheus Franca,BRA,"MF,FW",19.0,10.0,1.0,232.0,2.6,0.0,1.0,1.0,0.0,0.0,0.0,1.0,0.0,0.4,0.4,0.9,1.2,F,unknown,182.1,73.7,0
Crystal,Naouirou Ahamada,FRA,"MF,FW",21.0,16.0,0.0,235.0,2.6,0.0,0.0,0.0,0.0,0.0,0.0,1.0,0.0,0.4,0.4,0.0,0.4,MF,Right,183.0,76.0,"￡ 20,000"
Crystal,Jesuran Rak Sakyi,ENG,"MF,FW",21.0,6.0,0.0,136.0,1.5,0.0,0.0,0.0,0.0,0.0,0.0,0.0,0.0,0.4,0.4,0.2,0.6,FW-MF,Left,178.0,64.0,0
Crystal,David Ozoh,ENG,MF,18.0,8.0,0.0,135.0,1.5,0.0,0.0,0.0,0.0,0.0,0.0,1.0,0.0,0.0,0.0,0.0,0.0,M,unknown,182.1,73.7,0
Crystal,James Tomkins,ENG,DF,34.0,3.0,0.0,6.0,0.1,0.0,0.0,0.0,0.0,0.0,0.0,0.0,0.0,0.0,0.0,0.0,0.0,DF-MF,Right,190.0,81.0,"￡ 50,000"
Crystal,Remi Matthews,ENG,GK,30.0,1.0,0.0,4.0,0.0,0.0,0.0,0.0,0.0,0.0,0.0,0.0,0.0,0.0,0.0,0.0,0.0,GK,Right,184.0,78.0,"￡ 5,385"
Crystal,Tayo Adaramola,IRL,DF,20.0,0.0,0.0,0.0,0.0,0.0,0.0,0.0,0.0,0.0,0.0,0.0,0.0,0.0,0.0,0.0,0.0,unknown,unknown,182.1,73.7,0
Crystal,Malcolm Ebiowei,ENG,MF,20.0,0.0,0.0,0.0,0.0,0.0,0.0,0.0,0.0,0.0,0.0,0.0,0.0,0.0,0.0,0.0,0.0,M,unknown,185.0,73.7,"￡ 10,000"
Crystal,John-kymani Gordon,ENG,FW,21.0,0.0,0.0,0.0,0.0,0.0,0.0,0.0,0.0,0.0,0.0,0.0,0.0,0.0,0.0,0.0,0.0,unknown,unknown,182.1,73.7,0
Crystal,Rob Holding,ENG,DF,28.0,0.0,0.0,0.0,0.0,0.0,0.0,0.0,0.0,0.0,0.0,0.0,0.0,0.0,0.0,0.0,0.0,DF,Right,183.0,74.0,"￡ 45,000"
Crystal,Ademola Ola-adebomi,ENG,FW,20.0,0.0,0.0,0.0,0.0,0.0,0.0,0.0,0.0,0.0,0.0,0.0,0.0,0.0,0.0,0.0,0.0,unknown,unknown,182.1,73.7,0
Crystal,Luke Plange,ENG,FW,21.0,0.0,0.0,0.0,0.0,0.0,0.0,0.0,0.0,0.0,0.0,0.0,0.0,0.0,0.0,0.0,0.0,unknown,unknown,182.1,73.7,0
Crystal,Jadan Raymond,WAL,MF,20.0,0.0,0.0,0.0,0.0,0.0,0.0,0.0,0.0,0.0,0.0,0.0,0.0,0.0,0.0,0.0,0.0,unknown,unknown,182.1,73.7,0
Crystal,Kaden Rodney,ENG,MF,19.0,0.0,0.0,0.0,0.0,0.0,0.0,0.0,0.0,0.0,0.0,0.0,0.0,0.0,0.0,0.0,0.0,unknown,unknown,182.1,73.7,0
Crystal,Franco Umeh-chibueze,IRL,MF,19.0,0.0,0.0,0.0,0.0,0.0,0.0,0.0,0.0,0.0,0.0,0.0,0.0,0.0,0.0,0.0,0.0,unknown,unknown,182.1,73.7,0
Crystal,Joseph Whitworth,ENG,GK,20.0,0.0,0.0,0.0,0.0,0.0,0.0,0.0,0.0,0.0,0.0,0.0,0.0,0.0,0.0,0.0,0.0,unknown,unknown,182.1,73.7,0
Brentford,Mark Flekken,NED,GK,30.0,27.0,27.0,2385.0,26.5,0.0,1.0,1.0,0.0,0.0,0.0,3.0,0.0,0.0,0.0,0.2,0.2,GK,Right,194.0,86.0,"￡ 30,000"
Brentford,Vitaly Janelt,GER,"MF,DF",25.0,28.0,27.0,2238.0,24.9,0.0,2.0,2.0,0.0,0.0,0.0,5.0,0.0,1.3,1.3,3.9,5.2,MF,Left,178.0,78.0,"￡ 30,000"
Brentford,Christian Norgaard,DEN,MF,30.0,26.0,26.0,2175.0,24.2,2.0,1.0,3.0,2.0,0.0,0.0,8.0,0.0,3.4,3.4,1.7,5.1,MF,Right,185.0,69.0,"￡ 35,000"
Brentford,Ethan Pinnock,JAM,DF,30.0,23.0,23.0,2070.0,23.0,1.0,0.0,1.0,1.0,0.0,0.0,0.0,0.0,1.7,1.7,1.0,2.7,DF,Left,188.0,78.0,"￡ 30,000"
Brentford,Yoane Wissa,COD,FW,27.0,24.0,21.0,1820.0,20.2,7.0,1.0,8.0,7.0,0.0,0.0,4.0,0.0,7.6,7.6,2.2,9.8,FW-MF,Right,180.0,72.0,"￡ 25,000"
Brentford,Nathan Collins,IRL,DF,22.0,23.0,20.0,1842.0,20.5,1.0,1.0,2.0,1.0,0.0,0.0,3.0,0.0,1.6,1.6,1.5,3.1,DF,Right,193.0,81.0,"￡ 30,000"
Brentford,Mathias Jensen,DEN,MF,28.0,23.0,19.0,1514.0,16.8,3.0,3.0,6.0,3.0,0.0,0.0,3.0,0.0,0.6,0.6,3.0,3.5,MF,Right,173.0,68.0,"￡ 50,000"
Brentford,Mads Roerslev,DEN,DF,24.0,24.0,16.0,1413.0,15.7,1.0,2.0,3.0,1.0,0.0,0.0,0.0,0.0,0.9,0.9,1.3,2.2,DF-MF,Right,184.0,74.0,"￡ 20,000"
Brentford,Bryan Mbeumo,CMR,FW,24.0,15.0,15.0,1286.0,14.3,7.0,3.0,10.0,4.0,3.0,3.0,1.0,0.0,8.5,6.2,2.7,8.9,FW-MF,Left,182.1,73.7,"￡ 45,000"
Brentford,Ben Mee,ENG,DF,34.0,16.0,15.0,1272.0,14.1,2.0,0.0,2.0,2.0,0.0,0.0,1.0,1.0,1.5,1.5,0.3,1.8,DF,Left,180.0,72.0,"￡ 55,000"
Brentford,Kristoffer Ajer,NOR,DF,25.0,20.0,13.0,1208.0,13.4,0.0,1.0,1.0,0.0,0.0,0.0,4.0,0.0,0.7,0.7,2.2,2.8,DF-MF,Right,196.0,83.0,"￡ 40,000"
Brentford,Neal Maupay,FRA,FW,27.0,23.0,12.0,1197.0,13.3,6.0,3.0,9.0,6.0,0.0,0.0,5.0,0.0,5.3,5.3,2.3,7.6,FW-MF,Right,171.0,68.0,"￡ 50,000"
Brentford,Frank Onyeka,NGA,MF,26.0,21.0,10.0,1083.0,12.0,0.0,2.0,2.0,0.0,0.0,0.0,8.0,0.0,1.9,1.9,1.8,3.7,MF,Right,183.0,74.0,"￡ 40,000"
Brentford,Keane Lewis-potter,ENG,"FW,DF",23.0,21.0,10.0,1004.0,11.2,2.0,1.0,3.0,2.0,0.0,0.0,0.0,0.0,3.2,3.2,1.0,4.2,FW-MF,Right,181.0,66.0,"￡ 35,000"
Brentford,Ivan Toney,ENG,FW,27.0,9.0,9.0,810.0,9.0,4.0,0.0,4.0,4.0,0.0,0.0,2.0,0.0,3.1,3.1,0.6,3.7,FW,Right,179.0,64.0,"￡ 20,000"
Brentford,Aaron Hickey,SCO,DF,21.0,9.0,9.0,713.0,7.9,0.0,0.0,0.0,0.0,0.0,0.0,5.0,0.0,0.2,0.2,0.1,0.3,DF-MF,Both,175.0,64.0,"￡ 30,000"
Brentford,Saman Ghoddos,IRN,DF,30.0,17.0,7.0,707.0,7.9,1.0,0.0,1.0,1.0,0.0,0.0,5.0,0.0,0.3,0.3,1.1,1.4,FW-MF,Right,176.0,74.0,"￡ 15,000"
Brentford,Mathias Jorgensen,DEN,DF,33.0,8.0,6.0,547.0,6.1,0.0,0.0,0.0,0.0,0.0,0.0,3.0,0.0,0.2,0.2,0.5,0.7,DF,Right,191.0,78.0,"￡ 25,000"
Brentford,Sergio Reguilon,ESP,DF,27.0,7.0,6.0,508.0,5.6,0.0,1.0,1.0,0.0,0.0,0.0,2.0,0.0,0.5,0.5,1.1,1.6,DF-MF,Left,176.0,63.0,￡ 
Brentford,Rico Henry,ENG,DF,26.0,5.0,5.0,401.0,4.5,0.0,1.0,1.0,0.0,0.0,0.0,1.0,0.0,0.1,0.1,1.0,1.1,DF-MF,Left,170.0,68.0,"￡ 35,000"
Brentford,Yehor Yarmoliuk,UKR,MF,20.0,17.0,4.0,439.0,4.9,0.0,0.0,0.0,0.0,0.0,0.0,2.0,0.0,0.0,0.0,0.0,0.0,MF,Both,180.0,72.0,0
Brentford,Kevin Schade,GER,"FW,MF",22.0,5.0,3.0,257.0,2.9,1.0,0.0,1.0,1.0,0.0,0.0,0.0,0.0,0.7,0.7,0.4,1.1,FW-MF,Right,183.0,72.0,"￡ 10,000"
Brentford,Mikkel Damsgaard,DEN,MF,23.0,14.0,2.0,362.0,4.0,0.0,1.0,1.0,0.0,0.0,0.0,0.0,0.0,0.6,0.6,0.8,1.4,FW-MF,Right,176.0,68.0,"￡ 30,000"
Brentford,Shandon Baptiste,GRN,MF,25.0,9.0,2.0,218.0,2.4,1.0,0.0,1.0,1.0,0.0,0.0,0.0,0.0,0.9,0.9,0.1,1.0,MF,Right,180.0,74.0,"￡ 15,000"
Brentford,Thomas Strakosha,ALB,GK,28.0,2.0,1.0,135.0,1.5,0.0,0.0,0.0,0.0,0.0,0.0,0.0,0.0,0.0,0.0,0.0,0.0,GK,Right,192.0,79.0,"￡ 25,000"
Brentford,Michael Olakigbe,ENG,"DF,FW",19.0,8.0,0.0,59.0,0.7,0.0,0.0,0.0,0.0,0.0,0.0,0.0,0.0,0.1,0.1,0.0,0.1,F,unknown,182.1,73.7,0
Brentford,Josh Dasilva,ENG,"DF,FW",25.0,3.0,0.0,24.0,0.3,0.0,0.0,0.0,0.0,0.0,0.0,0.0,0.0,0.0,0.0,0.2,0.2,MF,Left,175.0,68.0,"￡ 20,000"
Brentford,Myles Peart-harris,ENG,"DF,MF",21.0,3.0,0.0,13.0,0.1,0.0,0.0,0.0,0.0,0.0,0.0,0.0,0.0,0.0,0.0,0.0,0.0,MF,Right,187.0,69.0,"￡ 5,000"
Brentford,Val Adedokun,IRL,FW,21.0,0.0,0.0,0.0,0.0,0.0,0.0,0.0,0.0,0.0,0.0,0.0,0.0,0.0,0.0,0.0,0.0,unknown,unknown,182.1,73.7,0
Brentford,Vincent Angelini,SCO,GK,20.0,0.0,0.0,0.0,0.0,0.0,0.0,0.0,0.0,0.0,0.0,0.0,0.0,0.0,0.0,0.0,0.0,G,unknown,186.0,79.0,0
Brentford,Benjamin Arthur,ENG,DF,20.0,0.0,0.0,0.0,0.0,0.0,0.0,0.0,0.0,0.0,0.0,0.0,0.0,0.0,0.0,0.0,0.0,unknown,unknown,182.1,73.7,0
Brentford,Ellery Balcombe,ENG,GK,24.0,0.0,0.0,0.0,0.0,0.0,0.0,0.0,0.0,0.0,0.0,0.0,0.0,0.0,0.0,0.0,0.0,GK,Right,180.0,69.0,"￡ 10,000"
Brentford,Ethan Brierley,ENG,MF,20.0,0.0,0.0,0.0,0.0,0.0,0.0,0.0,0.0,0.0,0.0,0.0,0.0,0.0,0.0,0.0,0.0,M,unknown,182.1,73.7,0
Brentford,Benjamin Fredrick,NGA,DF,18.0,0.0,0.0,0.0,0.0,0.0,0.0,0.0,0.0,0.0,0.0,0.0,0.0,0.0,0.0,0.0,0.0,D,unknown,182.1,73.7,0
Brentford,Charlie Goode,ENG,DF,28.0,0.0,0.0,0.0,0.0,0.0,0.0,0.0,0.0,0.0,0.0,0.0,0.0,0.0,0.0,0.0,0.0,DF,Right,196.0,74.0,"￡ 8,000"
Brentford,Kim Jisoo,KOR,DF,19.0,0.0,0.0,0.0,0.0,0.0,0.0,0.0,0.0,0.0,0.0,0.0,0.0,0.0,0.0,0.0,0.0,D,unknown,192.0,74.0,0
Everton,Jordan Pickford,ENG,GK,30.0,28.0,28.0,2520.0,28.0,0.0,0.0,0.0,0.0,0.0,0.0,4.0,0.0,0.0,0.0,0.1,0.1,GK,Left,185.0,77.0,"￡ 125,000"
Everton,James Tarkowski,ENG,DF,31.0,28.0,28.0,2519.0,28.0,1.0,1.0,2.0,1.0,0.0,0.0,5.0,0.0,2.2,2.2,1.8,4.0,DF,Right,185.0,81.0,"￡ 100,000"
Everton,James Garner,ENG,MF,23.0,27.0,26.0,2311.0,25.7,1.0,2.0,3.0,1.0,0.0,0.0,5.0,0.0,2.2,2.2,4.2,6.4,MF,Right,182.0,77.0,"￡ 30,000"
Everton,Jarrad Branthwaite,ENG,DF,21.0,25.0,25.0,2250.0,25.0,2.0,0.0,2.0,2.0,0.0,0.0,7.0,0.0,1.4,1.4,0.9,2.3,DF,Left,195.0,82.0,"￡ 35,000"
Everton,Vitaliy Mykolenko,UKR,DF,24.0,23.0,23.0,2064.0,22.9,2.0,0.0,2.0,2.0,0.0,0.0,1.0,0.0,1.5,1.5,0.7,2.2,DF,Left,180.0,73.0,"￡ 58,000"
Everton,Dwight Mcneil,ENG,"MF,FW",24.0,25.0,23.0,2014.0,22.4,2.0,5.0,7.0,2.0,0.0,0.0,1.0,0.0,2.8,2.8,7.0,9.8,FW-MF,Left,177.0,72.0,"￡ 25,000"
Everton,Abdoulaye Doucoure,MLI,"FW,MF",31.0,22.0,22.0,1838.0,20.4,6.0,0.0,6.0,6.0,0.0,0.0,5.0,0.0,6.3,6.3,2.5,8.8,MF,Right,180.0,59.0,"￡ 130,000"
Everton,Jack Harrison,ENG,"MF,FW",27.0,22.0,20.0,1730.0,19.2,3.0,3.0,6.0,3.0,0.0,0.0,0.0,0.0,3.2,3.2,3.1,6.2,FW-MF,Left,175.0,69.0,"￡ 90,000"
Everton,Dominic Calvert-lewin,ENG,FW,26.0,24.0,19.0,1583.0,17.6,3.0,1.0,4.0,3.0,0.0,0.0,1.0,0.0,9.3,9.3,1.6,10.9,FW-MF,Right,189.0,63.0,"￡ 100,000"
Everton,Ashley Young,ENG,"DF,MF",38.0,21.0,19.0,1528.0,17.0,0.0,0.0,0.0,0.0,0.0,0.0,6.0,1.0,0.4,0.4,1.2,1.6,DF-FW-MF,Right,175.0,63.0,"￡ 40,000"
Everton,Amadou Onana,BEL,MF,22.0,22.0,18.0,1663.0,18.5,2.0,0.0,2.0,2.0,0.0,0.0,4.0,0.0,1.8,1.8,2.5,4.3,MF,Right,187.0,76.0,"￡ 100,000"
Everton,Idrissa Gana Gueye,SEN,MF,34.0,18.0,17.0,1303.0,14.5,1.0,0.0,1.0,1.0,0.0,0.0,7.0,0.0,1.1,1.1,0.7,1.8,MF,Right,174.0,63.0,"￡ 80,000"
Everton,Nathan Patterson,SCO,DF,22.0,19.0,9.0,961.0,10.7,0.0,2.0,2.0,0.0,0.0,0.0,4.0,0.0,0.3,0.3,1.7,2.0,DF,Right,183.0,78.0,"￡ 28,000"
Everton,Ben Godfrey,ENG,DF,26.0,9.0,8.0,670.0,7.4,0.0,0.0,0.0,0.0,0.0,0.0,2.0,0.0,1.4,1.4,0.2,1.6,DF-MF,Right,183.0,78.0,"￡ 75,000"
Everton,Beto,GNB,FW,26.0,23.0,7.0,746.0,8.3,2.0,0.0,2.0,2.0,0.0,1.0,2.0,0.0,4.7,3.9,0.9,4.9,FW,Right,194.0,86.0,"￡ 50,000"
Everton,Arnaut Danjuma,NED,"MF,FW",27.0,14.0,5.0,595.0,6.6,1.0,0.0,1.0,1.0,0.0,0.0,0.0,0.0,2.6,2.6,1.1,3.7,FW-MF,Right,187.0,73.0,€ 
Everton,Michael Keane,ENG,DF,31.0,7.0,4.0,404.0,4.5,1.0,0.0,1.0,1.0,0.0,0.0,1.0,0.0,0.7,0.7,0.0,0.7,DF,Right,191.0,72.0,"￡ 80,000"
Everton,Seamus Coleman,IRL,DF,35.0,5.0,2.0,235.0,2.6,0.0,0.0,0.0,0.0,0.0,0.0,0.0,0.0,0.0,0.0,0.0,0.0,DF-MF,Right,177.0,67.0,"￡ 55,000"
Everton,Alex Iwobi,NGA,MF,27.0,2.0,2.0,140.0,1.6,0.0,0.0,0.0,0.0,0.0,0.0,0.0,0.0,0.3,0.3,0.2,0.5,FW-MF,Right,180.0,74.0,"￡ 80,000"
Everton,Lewis Dobbin,ENG,MF,21.0,11.0,1.0,210.0,2.3,1.0,0.0,1.0,1.0,0.0,0.0,1.0,0.0,0.3,0.3,0.4,0.7,MF,Right,175.0,63.0,0
Everton,Andre Gomes,POR,"MF,FW",30.0,5.0,1.0,200.0,2.2,1.0,0.0,1.0,1.0,0.0,0.0,2.0,0.0,0.2,0.2,0.4,0.6,MF,Right,188.0,83.0,"￡ 112,308"
Everton,Neal Maupay,FRA,FW,27.0,2.0,1.0,111.0,1.2,0.0,0.0,0.0,0.0,0.0,0.0,0.0,0.0,1.4,1.4,0.1,1.5,FW-MF,Right,171.0,68.0,"￡ 50,000"
Everton,Youssef Chermiti,POR,FW,19.0,11.0,0.0,69.0,0.8,0.0,0.0,0.0,0.0,0.0,0.0,1.0,0.0,0.5,0.5,0.4,0.9,F,unknown,182.1,73.7,0
Everton,Thomas Cannon,IRL,FW,21.0,1.0,0.0,1.0,0.0,0.0,0.0,0.0,0.0,0.0,0.0,0.0,0.0,0.0,0.0,0.0,0.0,F,unknown,178.0,63.0,0
Everton,Tyler Onyango,ENG,MF,21.0,1.0,0.0,1.0,0.0,0.0,0.0,0.0,0.0,0.0,0.0,0.0,0.0,0.0,0.0,0.0,0.0,MF,Right,190.0,74.0,0
Everton,Elijah Campbell,ENG,DF,19.0,0.0,0.0,0.0,0.0,0.0,0.0,0.0,0.0,0.0,0.0,0.0,0.0,0.0,0.0,0.0,0.0,unknown,unknown,182.1,73.7,0
Everton,Mackenzie Hunt,ENG,DF,22.0,0.0,0.0,0.0,0.0,0.0,0.0,0.0,0.0,0.0,0.0,0.0,0.0,0.0,0.0,0.0,0.0,unknown,unknown,182.1,73.7,0
Everton,Andy Lonergan,IRL,GK,40.0,0.0,0.0,0.0,0.0,0.0,0.0,0.0,0.0,0.0,0.0,0.0,0.0,0.0,0.0,0.0,0.0,GK,Left,192.0,87.0,"￡ 7,500"
Everton,Jenson Metcalfe,ENG,MF,19.0,0.0,0.0,0.0,0.0,0.0,0.0,0.0,0.0,0.0,0.0,0.0,0.0,0.0,0.0,0.0,0.0,unknown,unknown,182.1,73.7,0
Everton,Joao Virginia,POR,GK,24.0,0.0,0.0,0.0,0.0,0.0,0.0,0.0,0.0,0.0,0.0,0.0,0.0,0.0,0.0,0.0,0.0,GK,Right,192.0,78.0,"￡ 7,500"
Nottingham,Morgan Gibbs-white,ENG,"MF,FW",24.0,27.0,25.0,2302.0,25.6,3.0,4.0,7.0,2.0,1.0,1.0,7.0,0.0,4.7,3.9,5.2,9.1,FW-MF,Right,177.0,67.0,"￡ 80,000"
Nottingham,Murillo,BRA,DF,21.0,22.0,22.0,1906.0,21.2,0.0,1.0,1.0,0.0,0.0,0.0,3.0,0.0,1.1,1.1,1.2,2.2,unknown,unknown,182.1,73.7,0
Nottingham,Anthony Elanga,SWE,"FW,MF",21.0,27.0,19.0,1843.0,20.5,5.0,7.0,12.0,5.0,0.0,0.0,1.0,0.0,5.9,5.9,5.6,11.4,FW-MF,Right,178.0,64.0,"￡ 25,000"
Nottingham,Orel Mangala,BEL,MF,25.0,20.0,19.0,1563.0,17.4,1.0,0.0,1.0,1.0,0.0,0.0,6.0,0.0,0.8,0.8,0.2,1.1,MF,Right,178.0,78.0,"￡ 30,000"
Nottingham,Nicolas Dominguez,ARG,"MF,FW",25.0,19.0,18.0,1345.0,14.9,2.0,2.0,4.0,2.0,0.0,0.0,3.0,0.0,1.2,1.2,1.0,2.2,MF,Right,179.0,73.0,"￡ 35,000"
Nottingham,Matt Turner,USA,GK,29.0,17.0,17.0,1530.0,17.0,0.0,0.0,0.0,0.0,0.0,0.0,1.0,0.0,0.0,0.0,0.0,0.0,GK,Right,191.0,78.0,"￡ 40,000"
Nottingham,Ryan Yates,ENG,MF,26.0,25.0,13.0,1331.0,14.8,0.0,0.0,0.0,0.0,0.0,0.0,4.0,0.0,1.7,1.7,0.2,1.8,MF,Right,190.0,77.0,"￡ 25,000"
Nottingham,Harry Toffolo,ENG,DF,28.0,17.0,13.0,1237.0,13.7,1.0,3.0,4.0,1.0,0.0,0.0,2.0,0.0,1.6,1.6,1.5,3.2,DF-MF,Left,183.0,71.0,"￡ 35,000"
Nottingham,Willy Boly,CIV,DF,33.0,15.0,13.0,995.0,11.1,1.0,0.0,1.0,1.0,0.0,0.0,3.0,1.0,1.3,1.3,1.0,2.3,DF,Right,195.0,81.0,"￡ 40,000"
Nottingham,Moussa Niakhate,SEN,DF,28.0,16.0,12.0,1160.0,12.9,1.0,0.0,1.0,1.0,0.0,0.0,4.0,1.0,1.1,1.1,0.1,1.2,DF-FW,Left,190.0,82.0,"￡ 45,000"
Nottingham,Danilo,BRA,"MF,FW",22.0,21.0,12.0,1123.0,12.5,1.0,0.0,1.0,1.0,0.0,0.0,3.0,0.0,0.6,0.6,0.4,1.1,MF,Left,177.0,64.0,"￡ 30,000"
Nottingham,Taiwo Awoniyi,NGA,FW,26.0,17.0,12.0,1024.0,11.4,6.0,3.0,9.0,6.0,0.0,0.0,2.0,0.0,4.7,4.7,1.7,6.4,FW,Right,178.0,73.0,"￡ 50,000"
Nottingham,Ola Aina,NGA,DF,27.0,14.0,12.0,989.0,11.0,1.0,1.0,2.0,1.0,0.0,0.0,3.0,0.0,0.2,0.2,0.5,0.7,DF-MF,Right,179.0,66.0,"￡ 40,000"
Nottingham,Callum Hudson-odoi,ENG,"FW,MF",23.0,19.0,11.0,1069.0,11.9,4.0,1.0,5.0,4.0,0.0,0.0,0.0,0.0,1.2,1.2,1.8,3.0,FW-MF,Right,182.0,76.0,"￡ 80,000"
Nottingham,Neco Williams,WAL,"DF,FW",22.0,19.0,11.0,1067.0,11.9,0.0,1.0,1.0,0.0,0.0,0.0,3.0,0.0,0.3,0.3,1.5,1.8,DF-MF,Right,183.0,76.0,"￡ 50,000"
Nottingham,Ibrahim Sangare,CIV,MF,26.0,12.0,11.0,850.0,9.4,0.0,0.0,0.0,0.0,0.0,0.0,6.0,0.0,0.6,0.6,0.3,0.9,MF,Right,191.0,77.0,"￡ 75,000"
Nottingham,Chris Wood,NZL,FW,32.0,21.0,10.0,964.0,10.7,8.0,1.0,9.0,8.0,0.0,0.0,0.0,0.0,5.5,5.5,1.4,6.9,FW,Right,191.0,82.0,"￡ 80,000"
Nottingham,Serge Aurier,CIV,"DF,MF",31.0,12.0,10.0,833.0,9.3,0.0,2.0,2.0,0.0,0.0,0.0,2.0,0.0,0.2,0.2,0.5,0.6,DF-MF,Right,176.0,76.0,"￡ 50,000"
Nottingham,Matz Sels,BEL,GK,32.0,6.0,6.0,540.0,6.0,0.0,0.0,0.0,0.0,0.0,0.0,0.0,0.0,0.0,0.0,0.0,0.0,GK,Right,188.0,74.0,"￡ 35,000"
Nottingham,Gonzalo Montiel,ARG,DF,27.0,9.0,5.0,498.0,5.5,0.0,2.0,2.0,0.0,0.0,0.0,4.0,0.0,0.1,0.1,0.6,0.7,DF,Right,180.0,73.0,"￡ 25,000"
Nottingham,Andrew Omobamidele,IRL,DF,21.0,7.0,5.0,496.0,5.5,0.0,0.0,0.0,0.0,0.0,0.0,2.0,0.0,0.0,0.0,0.0,0.0,DF,Right,188.0,76.0,"￡ 35,000"
Nottingham,Nuno Tavares,POR,DF,24.0,7.0,5.0,455.0,5.1,0.0,0.0,0.0,0.0,0.0,0.0,2.0,0.0,0.2,0.2,0.5,0.7,DF-MF,Left,184.0,78.0,"￡ 30,000"
Nottingham,Odisseas Vlachodimos,GRE,GK,29.0,5.0,5.0,450.0,5.0,0.0,0.0,0.0,0.0,0.0,0.0,0.0,0.0,0.0,0.0,0.0,0.0,GK,Right,191.0,77.0,"￡ 45,000"
Nottingham,Joe Worrall,ENG,DF,27.0,7.0,5.0,439.0,4.9,0.0,0.0,0.0,0.0,0.0,0.0,0.0,1.0,0.1,0.1,0.2,0.3,DF,Right,191.0,78.0,￡ 
Nottingham,Scott Mckenna,SCO,DF,27.0,5.0,5.0,416.0,4.6,0.0,0.0,0.0,0.0,0.0,0.0,0.0,0.0,0.2,0.2,0.2,0.4,DF,Left,189.0,78.0,"￡ 20,000"
Nottingham,Divock Origi,BEL,FW,28.0,14.0,4.0,398.0,4.4,0.0,1.0,1.0,0.0,0.0,0.0,1.0,0.0,0.7,0.7,1.8,2.4,FW-MF,Right,186.0,74.0,"￡ 120,000"
Nottingham,Felipe,BRA,DF,34.0,5.0,3.0,269.0,3.0,0.0,0.0,0.0,0.0,0.0,0.0,3.0,0.0,0.1,0.1,0.1,0.2,DF,Right,184.0,77.0,"￡ 80,000"
Nottingham,Brennan Johnson,WAL,"FW,MF",22.0,3.0,3.0,237.0,2.6,0.0,0.0,0.0,0.0,0.0,0.0,0.0,0.0,0.3,0.3,0.2,0.5,FW-MF,Right,178.0,73.0,"￡ 70,000"
Nottingham,Cheikhou Kouyate,SEN,MF,34.0,11.0,2.0,209.0,2.3,0.0,0.0,0.0,0.0,0.0,0.0,2.0,0.0,0.3,0.3,0.0,0.3,DF-MF,Right,193.0,79.0,"￡ 45,000"
Nottingham,Gio Reyna,USA,"MF,FW",21.0,3.0,0.0,41.0,0.5,0.0,0.0,0.0,0.0,0.0,0.0,0.0,0.0,0.1,0.1,0.1,0.2,FW-MF,Right,183.0,71.0,"￡ 40,000"
Nottingham,Andrey Santos,BRA,MF,19.0,1.0,0.0,8.0,0.1,0.0,0.0,0.0,0.0,0.0,0.0,0.0,0.0,0.1,0.1,0.0,0.1,MF,Right,176.0,72.0,0
Nottingham,Brandon Aguilera,CRC,FW,20.0,1.0,0.0,5.0,0.1,0.0,0.0,0.0,0.0,0.0,0.0,0.0,0.0,0.0,0.0,0.0,0.0,M,unknown,182.0,73.7,0
Nottingham,Rodrigo Ribeiro,POR,FW,18.0,1.0,0.0,1.0,0.0,0.0,0.0,0.0,0.0,0.0,0.0,0.0,0.0,0.0,0.0,0.0,0.0,F,unknown,182.1,73.7,0
Nottingham,Remo Freuler,SUI,MF,31.0,0.0,0.0,0.0,0.0,0.0,0.0,0.0,0.0,0.0,0.0,0.0,0.0,0.0,0.0,0.0,0.0,MF,Right,180.0,79.0,"€ 35,577"
Nottingham,Joe Gardner,ENG,DF,18.0,0.0,0.0,0.0,0.0,0.0,0.0,0.0,0.0,0.0,0.0,0.0,0.0,0.0,0.0,0.0,0.0,unknown,unknown,182.1,73.7,0
Nottingham,Wayne Hennessey,WAL,GK,37.0,0.0,0.0,0.0,0.0,0.0,0.0,0.0,0.0,0.0,0.0,0.0,0.0,0.0,0.0,0.0,0.0,GK,Right,196.0,84.0,"￡ 15,000"
Nottingham,Ethan Horvath,USA,GK,28.0,0.0,0.0,0.0,0.0,0.0,0.0,0.0,0.0,0.0,0.0,0.0,0.0,0.0,0.0,0.0,0.0,GK,Right,194.0,83.0,"￡ 17,115"
Nottingham,Jamie Mcdonnell,NIR,MF,20.0,0.0,0.0,0.0,0.0,0.0,0.0,0.0,0.0,0.0,0.0,0.0,0.0,0.0,0.0,0.0,0.0,unknown,unknown,182.1,73.7,0
Nottingham,Lewis O'brien,ENG,MF,25.0,0.0,0.0,0.0,0.0,0.0,0.0,0.0,0.0,0.0,0.0,0.0,0.0,0.0,0.0,0.0,0.0,MF,Left,173.0,62.0,"￡ 15,000"
Nottingham,Detlef Osong,ENG,FW,19.0,0.0,0.0,0.0,0.0,0.0,0.0,0.0,0.0,0.0,0.0,0.0,0.0,0.0,0.0,0.0,0.0,unknown,unknown,182.1,73.7,0
Nottingham,Hwang Ui-jo,KOR,"FW,MF",31.0,0.0,0.0,0.0,0.0,0.0,0.0,0.0,0.0,0.0,0.0,0.0,0.0,0.0,0.0,0.0,0.0,FW-MF,Right,184.0,73.0,￡ 
Luton,Thomas Kaminski,BEL,GK,31.0,28.0,28.0,2520.0,28.0,0.0,0.0,0.0,0.0,0.0,0.0,3.0,0.0,0.0,0.0,0.0,0.0,GK,Right,190.0,82.0,"￡ 25,000"
Luton,Alfie Doughty,ENG,DF,24.0,27.0,24.0,2085.0,23.2,1.0,7.0,8.0,1.0,0.0,0.0,3.0,0.0,0.9,0.9,4.6,5.6,DF-MF,Left,195.0,79.0,"￡ 7,500"
Luton,Carlton Morris,ENG,"FW,MF",28.0,28.0,22.0,1962.0,21.8,8.0,4.0,12.0,4.0,4.0,4.0,2.0,0.0,8.0,4.8,2.4,7.2,FW-MF,Left,188.0,86.0,"￡ 10,000"
Luton,Ross Barkley,ENG,MF,30.0,23.0,21.0,1873.0,20.8,3.0,3.0,6.0,3.0,0.0,0.0,4.0,0.0,2.9,2.9,3.5,6.4,MF,Right,189.0,83.0,"￡ 30,000"
Luton,Amari'i Bell,JAM,DF,29.0,21.0,21.0,1720.0,19.1,0.0,0.0,0.0,0.0,0.0,0.0,0.0,0.0,0.3,0.3,0.6,0.9,DF-MF,Left,180.0,72.0,"￡ 10,000"
Luton,Teden Mengi,ENG,DF,21.0,21.0,19.0,1733.0,19.3,1.0,0.0,1.0,1.0,0.0,0.0,2.0,0.0,0.4,0.4,0.2,0.6,DF,Right,183.0,81.0,"￡ 10,000"
Luton,Chiedozie Ogbene,IRL,"MF,DF",26.0,27.0,18.0,1812.0,20.1,3.0,1.0,4.0,3.0,0.0,0.0,1.0,0.0,3.6,3.6,3.0,6.6,FW-MF,Right,177.0,71.0,"￡ 15,000"
Luton,Gabriel Osho,NGA,DF,25.0,16.0,16.0,1396.0,15.5,2.0,0.0,2.0,2.0,0.0,0.0,3.0,0.0,1.0,1.0,0.1,1.1,DF,Right,182.1,73.7,"￡ 10,000"
Luton,Issa Kabore,BFA,DF,22.0,19.0,16.0,1335.0,14.8,0.0,2.0,2.0,0.0,0.0,0.0,6.0,0.0,0.2,0.2,1.6,1.8,DF-MF,Right,180.0,73.7,"￡ 20,000"
Luton,Tom Lockyer,WAL,DF,29.0,14.0,14.0,1169.0,13.0,1.0,1.0,2.0,1.0,0.0,0.0,4.0,0.0,1.1,1.1,0.6,1.7,DF-MF,Right,184.0,69.0,"￡ 20,000"
Luton,Elijah Adebayo,ENG,FW,26.0,23.0,13.0,1162.0,12.9,9.0,0.0,9.0,9.0,0.0,0.0,1.0,0.0,5.9,5.9,0.7,6.6,F,unknown,190.0,88.0,"￡ 12,500"
Luton,Marvelous Nakamba,ZIM,MF,30.0,13.0,13.0,1130.0,12.6,0.0,0.0,0.0,0.0,0.0,0.0,5.0,0.0,0.2,0.2,0.4,0.6,MF,Left,177.0,71.0,"￡ 30,000"
Luton,Reece Burke,ENG,DF,27.0,14.0,12.0,1034.0,11.5,0.0,2.0,2.0,0.0,0.0,0.0,3.0,0.0,1.3,1.3,0.7,2.0,DF,Right,188.0,81.0,"￡ 12,500"
Luton,Jacob Brown,SCO,"MF,FW",25.0,19.0,12.0,1019.0,11.3,2.0,0.0,2.0,2.0,0.0,0.0,4.0,0.0,2.8,2.8,0.7,3.4,FW-MF,Right,178.0,68.0,"￡ 30,000"
Luton,Tahith Chong,NED,MF,24.0,23.0,11.0,1186.0,13.2,3.0,0.0,3.0,3.0,0.0,0.0,3.0,0.0,1.6,1.6,0.4,2.0,FW-MF,Left,185.0,77.0,"￡ 30,000"
Luton,Albert Sambi Lokonga,BEL,MF,24.0,12.0,11.0,873.0,9.7,0.0,2.0,2.0,0.0,0.0,0.0,2.0,0.0,0.4,0.4,1.3,1.7,MF,Right,183.0,78.0,"￡ 50,000"
Luton,Andros Townsend,ENG,"MF,FW",32.0,19.0,10.0,844.0,9.4,1.0,3.0,4.0,1.0,0.0,0.0,1.0,0.0,1.1,1.1,1.0,2.2,FW-MF,Left,183.0,77.0,"￡ 20,000"
Luton,Pelly Ruddock Mpanzu,COD,MF,30.0,21.0,8.0,855.0,9.5,0.0,0.0,0.0,0.0,0.0,0.0,0.0,0.0,0.6,0.6,0.4,1.0,DF-MF,Right,175.0,63.0,0
Luton,Jordan Clark,ENG,MF,30.0,14.0,7.0,659.0,7.3,0.0,1.0,1.0,0.0,0.0,0.0,3.0,0.0,0.3,0.3,0.3,0.5,MF,Right,183.0,76.0,"￡ 5,000"
Luton,Ryan John Giles,ENG,"DF,MF",24.0,11.0,5.0,503.0,5.6,0.0,0.0,0.0,0.0,0.0,0.0,0.0,0.0,0.1,0.1,0.2,0.3,DF-MF,Left,183.0,72.0,"￡ 35,000"
Luton,Mads Juel Andersen,DEN,DF,26.0,8.0,4.0,400.0,4.4,1.0,0.0,1.0,1.0,0.0,0.0,1.0,0.0,0.3,0.3,0.0,0.3,DF,unknown,194.0,78.0,"￡ 15,000"
Luton,Cauley Woodrow,ENG,"FW,MF",29.0,15.0,2.0,250.0,2.8,1.0,0.0,1.0,1.0,0.0,0.0,2.0,0.0,1.1,1.1,0.4,1.5,FW-MF,Right,184.0,72.0,"￡ 20,000"
Luton,Daiki Hashioka,JPN,DF,24.0,3.0,1.0,134.0,1.5,0.0,0.0,0.0,0.0,0.0,0.0,0.0,0.0,0.1,0.1,0.0,0.1,DF-MF,Right,182.0,73.0,"￡ 15,000"
Luton,Luke Berry,ENG,"MF,DF",31.0,8.0,0.0,62.0,0.7,0.0,0.0,0.0,0.0,0.0,0.0,1.0,0.0,0.2,0.2,0.1,0.3,MF,Right,175.0,72.0,"￡ 10,000"
Luton,Zack Nelson,ENG,MF,19.0,1.0,0.0,4.0,0.0,0.0,0.0,0.0,0.0,0.0,0.0,0.0,0.0,0.0,0.0,0.0,0.0,unknown,unknown,182.1,73.7,0
Luton,Allan Campbell,SCO,MF,25.0,0.0,0.0,0.0,0.0,0.0,0.0,0.0,0.0,0.0,0.0,0.0,0.0,0.0,0.0,0.0,0.0,MF,unknown,175.0,73.0,"￡ 8,462"
Luton,Aidan Francis,ENG,MF,21.0,0.0,0.0,0.0,0.0,0.0,0.0,0.0,0.0,0.0,0.0,0.0,0.0,0.0,0.0,0.0,0.0,unknown,unknown,182.1,73.7,0
Luton,Joseph Johnson,ENG,DF,18.0,0.0,0.0,0.0,0.0,0.0,0.0,0.0,0.0,0.0,0.0,0.0,0.0,0.0,0.0,0.0,0.0,unknown,unknown,182.1,73.7,0
Luton,Tim Krul,NED,GK,35.0,0.0,0.0,0.0,0.0,0.0,0.0,0.0,0.0,0.0,0.0,0.0,0.0,0.0,0.0,0.0,0.0,GK,Left,193.0,86.0,"￡ 25,000"
Luton,Jayden Luker,ENG,MF,18.0,0.0,0.0,0.0,0.0,0.0,0.0,0.0,0.0,0.0,0.0,0.0,0.0,0.0,0.0,0.0,0.0,unknown,unknown,182.1,73.7,0
Luton,Dominic Martins,POR,MF,18.0,0.0,0.0,0.0,0.0,0.0,0.0,0.0,0.0,0.0,0.0,0.0,0.0,0.0,0.0,0.0,0.0,unknown,unknown,182.1,73.7,0
Luton,John Mcatee,ENG,"FW,MF",24.0,0.0,0.0,0.0,0.0,0.0,0.0,0.0,0.0,0.0,0.0,0.0,0.0,0.0,0.0,0.0,0.0,unknown,unknown,182.1,73.7,0
Luton,Axel Piesold,ENG,MF,18.0,0.0,0.0,0.0,0.0,0.0,0.0,0.0,0.0,0.0,0.0,0.0,0.0,0.0,0.0,0.0,0.0,unknown,unknown,182.1,73.7,0
Luton,Dan Potts,ENG,DF,29.0,0.0,0.0,0.0,0.0,0.0,0.0,0.0,0.0,0.0,0.0,0.0,0.0,0.0,0.0,0.0,0.0,DF,Left,173.0,69.0,"￡ 10,000"
Luton,James Shea,ENG,GK,32.0,0.0,0.0,0.0,0.0,0.0,0.0,0.0,0.0,0.0,0.0,0.0,0.0,0.0,0.0,0.0,0.0,GK,Right,188.0,76.0,"￡ 7,500"
Burnley,James Trafford,ENG,GK,21.0,28.0,28.0,2520.0,28.0,0.0,0.0,0.0,0.0,0.0,0.0,2.0,0.0,0.0,0.0,0.0,0.0,GK,Right,197.0,83.0,"￡ 25,000"
Burnley,Zeki Amdouni,SUI,FW,23.0,26.0,25.0,1758.0,19.5,4.0,1.0,5.0,4.0,0.0,0.0,1.0,0.0,4.2,4.2,1.4,5.6,FW-M,unknown,183.0,73.7,"￡ 30,000"
Burnley,Sander Berge,NOR,MF,26.0,27.0,24.0,2105.0,23.4,1.0,1.0,2.0,1.0,0.0,0.0,8.0,1.0,1.7,1.7,1.2,2.9,MF,Right,190.0,87.0,"￡ 40,000"
Burnley,Dara O'shea,IRL,DF,25.0,24.0,23.0,2106.0,23.4,1.0,3.0,4.0,1.0,0.0,0.0,5.0,0.0,0.5,0.5,1.5,2.0,DF,Right,183.0,74.0,"￡ 20,000"
Burnley,Josh Brownhill,ENG,MF,28.0,26.0,22.0,2028.0,22.5,3.0,1.0,4.0,3.0,0.0,0.0,3.0,1.0,1.6,1.6,1.8,3.4,MF,Right,177.0,73.0,"￡ 45,000"
Burnley,Charlie Taylor,ENG,DF,30.0,20.0,19.0,1723.0,19.1,1.0,1.0,2.0,1.0,0.0,0.0,6.0,0.0,0.1,0.1,0.9,1.0,DF,Left,175.0,69.0,"￡ 30,000"
Burnley,Vitinho,BRA,"DF,MF",24.0,22.0,18.0,1604.0,17.8,0.0,0.0,0.0,0.0,0.0,0.0,1.0,0.0,1.0,1.0,0.2,1.3,DF-MF,Right,175.0,72.0,"￡ 25,000"
Burnley,Jordan Beyer,GER,DF,23.0,15.0,15.0,1234.0,13.7,0.0,1.0,1.0,0.0,0.0,0.0,6.0,0.0,0.5,0.5,0.3,0.8,DF,Right,187.0,79.0,"￡ 3,000"
Burnley,Wilson Odobert,FRA,"MF,FW",19.0,19.0,15.0,1232.0,13.7,3.0,1.0,4.0,3.0,0.0,0.0,2.0,0.0,1.4,1.4,1.3,2.7,M,unknown,180.0,74.0,0
Burnley,Josh Cullen,IRL,MF,27.0,15.0,13.0,1168.0,13.0,0.0,1.0,1.0,0.0,0.0,0.0,5.0,0.0,0.2,0.2,0.8,0.9,DF-MF,Right,180.0,74.0,"￡ 40,000"
Burnley,Lyle Foster,RSA,FW,23.0,14.0,13.0,1128.0,12.5,4.0,3.0,7.0,4.0,0.0,0.0,0.0,1.0,2.0,2.0,1.3,3.4,FW,Right,185.0,78.0,"￡ 32,500"
Burnley,Luca Koleosho,ITA,"MF,FW",19.0,15.0,13.0,974.0,10.8,1.0,1.0,2.0,1.0,0.0,0.0,0.0,0.0,2.0,2.0,1.3,3.3,M,unknown,175.0,69.0,0
Burnley,Ameen Al-dakhil,BEL,DF,22.0,13.0,12.0,1056.0,11.7,1.0,0.0,1.0,1.0,0.0,0.0,1.0,0.0,1.3,1.3,0.1,1.4,DF,Right,187.0,69.0,"￡ 15,000"
Burnley,Johann Berg Gudmundsson,ISL,MF,33.0,20.0,12.0,1050.0,11.7,0.0,2.0,2.0,0.0,0.0,0.0,2.0,0.0,0.9,0.9,2.3,3.3,FW-MF,Left,186.0,78.0,"￡ 35,000"
Burnley,Connor Roberts,WAL,DF,28.0,14.0,8.0,823.0,9.1,0.0,1.0,1.0,0.0,0.0,0.0,5.0,1.0,0.0,0.0,0.2,0.2,DF-MF,Right,175.0,69.0,"￡ 30,000"
Burnley,Jay Rodriguez,ENG,FW,34.0,16.0,7.0,731.0,8.1,2.0,1.0,3.0,1.0,1.0,1.0,0.0,0.0,3.0,2.2,0.2,2.4,FW-MF,Right,185.0,69.0,"￡ 40,000"
Burnley,Jacob Bruun Larsen,DEN,"MF,FW",25.0,22.0,6.0,596.0,6.6,2.0,0.0,2.0,2.0,0.0,0.0,0.0,0.0,1.5,1.5,0.6,2.1,FW-MF,Right,183.0,74.0,"￡ 35,000"
Burnley,Lorenz Assignon,TOG,DF,23.0,6.0,6.0,527.0,5.9,0.0,1.0,1.0,0.0,0.0,0.0,2.0,0.0,0.0,0.0,1.2,1.2,DF,Right,179.0,67.0,"€ 10,577"
Burnley,Hannes Delcroix,BEL,DF,25.0,12.0,5.0,589.0,6.5,0.0,0.0,0.0,0.0,0.0,0.0,2.0,0.0,0.4,0.4,0.2,0.6,DF,Left,183.0,73.0,"￡ 15,000"
Burnley,Aaron Ramsey,ENG,"MF,FW",21.0,14.0,5.0,527.0,5.9,0.0,0.0,0.0,0.0,0.0,0.0,1.0,0.0,0.3,0.3,0.4,0.7,M,unknown,178.0,76.0,"￡ 25,000"
Burnley,David Datro Fofana,CIV,FW,21.0,7.0,5.0,509.0,5.7,3.0,1.0,4.0,3.0,0.0,0.0,1.0,0.0,2.3,2.3,1.4,3.7,FW,Right,181.0,82.0,0
Burnley,Maxime Esteve,FRA,DF,21.0,6.0,5.0,455.0,5.1,0.0,0.0,0.0,0.0,0.0,0.0,2.0,0.0,0.1,0.1,0.0,0.1,DF,Left,192.0,82.0,"￡ 5,000"
Burnley,Hjalmar Ekdal,SWE,DF,25.0,6.0,4.0,325.0,3.6,0.0,0.0,0.0,0.0,0.0,0.0,2.0,0.0,0.1,0.1,0.1,0.1,DF,Right,187.0,76.0,0
Burnley,Mike Tresor,BEL,"FW,MF",24.0,14.0,3.0,405.0,4.5,0.0,0.0,0.0,0.0,0.0,0.0,0.0,0.0,0.5,0.5,0.4,0.9,FW-MF,Right,173.0,68.0,0
Burnley,Anass Zaroury,MAR,"FW,MF",23.0,6.0,1.0,152.0,1.7,0.0,0.0,0.0,0.0,0.0,0.0,0.0,1.0,0.2,0.2,0.0,0.2,FW-MF,Both,182.1,73.7,"￡ 15,000"
Burnley,Benson Manuel,BEL,"MF,FW",26.0,6.0,1.0,92.0,1.0,0.0,0.0,0.0,0.0,0.0,0.0,0.0,0.0,0.0,0.0,0.0,0.1,FW-MF,Left,166.0,63.0,"￡ 25,000"
Burnley,Nathan Redmond,ENG,"FW,MF",30.0,12.0,0.0,142.0,1.6,0.0,0.0,0.0,0.0,0.0,0.0,1.0,0.0,0.0,0.0,0.3,0.3,FW-MF,Right,173.0,74.0,"￡ 35,000"
Burnley,Michael Obafemi,IRL,"FW,MF",23.0,2.0,0.0,20.0,0.2,0.0,0.0,0.0,0.0,0.0,0.0,0.0,0.0,0.1,0.1,0.0,0.1,FW,Right,169.0,69.0,"￡ 15,000"
Burnley,Jack Cork,ENG,MF,34.0,3.0,0.0,19.0,0.2,0.0,0.0,0.0,0.0,0.0,0.0,0.0,0.0,0.0,0.0,0.0,0.0,DF-MF,Right,185.0,68.0,"￡ 45,000"
Burnley,Han-noah Massengo,FRA,"MF,DF",22.0,3.0,0.0,16.0,0.2,0.0,0.0,0.0,0.0,0.0,0.0,0.0,0.0,0.0,0.0,0.0,0.0,MF,unknown,175.0,63.0,"￡ 15,000"
Burnley,Cj Egan-riley,ENG,DF,21.0,0.0,0.0,0.0,0.0,0.0,0.0,0.0,0.0,0.0,0.0,0.0,0.0,0.0,0.0,0.0,0.0,DF,Right,183.0,74.0,0
Burnley,Arijanet Muric,KVX,GK,25.0,0.0,0.0,0.0,0.0,0.0,0.0,0.0,0.0,0.0,0.0,0.0,0.0,0.0,0.0,0.0,0.0,GK,Right,198.0,79.0,"￡ 25,000"
Burnley,Lawrence Vigouroux,CHI,GK,30.0,0.0,0.0,0.0,0.0,0.0,0.0,0.0,0.0,0.0,0.0,0.0,0.0,0.0,0.0,0.0,0.0,GK,Right,194.0,89.0,"￡ 7,000"
Sheffield,Jack Robinson,ENG,DF,30.0,27.0,25.0,2322.0,25.8,1.0,1.0,2.0,1.0,0.0,0.0,7.0,0.0,1.0,1.0,1.0,2.1,DF,Left,180.0,68.0,"￡ 25,000"
Sheffield,Vinicius Souza,BRA,MF,24.0,27.0,25.0,2167.0,24.1,1.0,0.0,1.0,1.0,0.0,0.0,2.0,0.0,0.4,0.4,0.2,0.6,MF,Right,187.0,79.0,"￡ 30,000"
Sheffield,Wes Foderingham,ENG,GK,33.0,25.0,24.0,2199.0,24.4,0.0,0.0,0.0,0.0,0.0,0.0,2.0,0.0,0.0,0.0,0.0,0.0,GK,Right,185.0,74.0,"￡ 12,500"
Sheffield,Gustavo Hamer,NED,MF,26.0,26.0,24.0,2063.0,22.9,3.0,3.0,6.0,3.0,0.0,0.0,8.0,0.0,2.2,2.2,3.1,5.3,MF,Right,169.0,60.0,"￡ 30,000"
Sheffield,Jayden Bogle,ENG,DF,23.0,24.0,22.0,1916.0,21.3,1.0,0.0,1.0,1.0,0.0,0.0,8.0,0.0,1.4,1.4,0.8,2.2,DF-MF,Right,178.0,68.0,"￡ 20,000"
Sheffield,Anel Ahmedhodzic,BIH,DF,24.0,22.0,20.0,1840.0,20.4,1.0,0.0,1.0,1.0,0.0,0.0,8.0,0.0,2.5,2.5,0.0,2.6,DF-MF,Right,178.0,69.0,"￡ 30,000"
Sheffield,Auston Trusty,USA,DF,25.0,22.0,19.0,1773.0,19.7,0.0,0.0,0.0,0.0,0.0,0.0,4.0,0.0,0.3,0.3,0.5,0.8,DF,Left,191.0,83.0,"￡ 25,000"
Sheffield,James Mcatee,ENG,"MF,FW",21.0,23.0,18.0,1570.0,17.4,3.0,2.0,5.0,2.0,1.0,1.0,2.0,0.0,2.4,1.7,1.9,3.6,MF,Left,180.0,69.0,0
Sheffield,Cameron Archer,ENG,"FW,MF",22.0,21.0,16.0,1449.0,16.1,4.0,0.0,4.0,4.0,0.0,0.0,1.0,0.0,3.9,3.9,1.7,5.6,F,unknown,175.0,72.0,"￡ 30,000"
Sheffield,Oliver Norwood,NIR,MF,32.0,24.0,16.0,1408.0,15.6,1.0,0.0,1.0,0.0,1.0,1.0,7.0,0.0,1.1,0.3,0.6,0.9,MF,Right,180.0,74.0,"￡ 20,000"
Sheffield,George Baldock,GRE,DF,31.0,13.0,11.0,969.0,10.8,0.0,1.0,1.0,0.0,0.0,0.0,4.0,0.0,0.0,0.0,0.8,0.8,DF-MF,Right,175.0,69.0,"￡ 10,000"
Sheffield,Luke Thomas,ENG,DF,22.0,12.0,11.0,917.0,10.2,0.0,0.0,0.0,0.0,0.0,0.0,3.0,0.0,0.5,0.5,0.1,0.6,DF-MF,Left,181.0,73.0,"￡ 15,000"
Sheffield,Oliver Mcburnie,SCO,FW,27.0,16.0,11.0,906.0,10.1,4.0,2.0,6.0,2.0,2.0,2.0,6.0,2.0,4.2,2.6,1.1,3.8,FW,Right,188.0,66.0,"￡ 25,000"
Sheffield,William Osula,DEN,FW,20.0,18.0,9.0,730.0,8.1,0.0,0.0,0.0,0.0,0.0,0.0,4.0,0.0,1.6,1.6,0.1,1.7,F,unknown,182.1,73.7,0
Sheffield,Andre Brooks,ENG,"MF,DF",20.0,13.0,8.0,650.0,7.2,0.0,0.0,0.0,0.0,0.0,0.0,1.0,0.0,0.2,0.2,0.1,0.3,M,unknown,180.0,73.7,0
Sheffield,Ben Osborn,ENG,"DF,MF",29.0,15.0,6.0,705.0,7.8,0.0,1.0,1.0,0.0,0.0,0.0,2.0,0.0,0.2,0.2,0.3,0.5,DF-FW-MF,Left,176.0,74.0,"￡ 20,000"
Sheffield,John Egan,IRL,DF,31.0,6.0,6.0,482.0,5.4,0.0,0.0,0.0,0.0,0.0,0.0,2.0,0.0,0.2,0.2,0.0,0.2,DF,Right,185.0,87.0,"￡ 12,500"
Sheffield,Yasser Larouci,ALG,DF,23.0,9.0,4.0,421.0,4.7,0.0,0.0,0.0,0.0,0.0,0.0,1.0,0.0,0.2,0.2,0.3,0.4,DF-MF,Left,176.0,68.0,"￡ 10,000"
Sheffield,Anis Ben Slimane,TUN,MF,22.0,11.0,4.0,366.0,4.1,0.0,0.0,0.0,0.0,0.0,0.0,2.0,0.0,0.7,0.7,0.3,1.0,M,unknown,186.0,82.0,0
Sheffield,Ivo Grbic,CRO,GK,28.0,4.0,4.0,321.0,3.6,0.0,0.0,0.0,0.0,0.0,0.0,1.0,0.0,0.0,0.0,0.0,0.0,GK,Right,195.0,83.0,"€ 16,538"
Sheffield,Ben Brereton,CHI,"MF,FW",24.0,4.0,4.0,254.0,2.8,2.0,0.0,2.0,2.0,0.0,0.0,1.0,0.0,1.1,1.1,0.0,1.1,unknown,unknown,182.1,73.7,0
Sheffield,Max Lowe,ENG,"DF,MF",26.0,8.0,3.0,399.0,4.4,0.0,0.0,0.0,0.0,0.0,0.0,1.0,0.0,0.6,0.6,0.7,1.3,DF-MF,Right,168.0,69.0,"￡ 10,000"
Sheffield,Benie Adama Traore,CIV,"FW,MF",21.0,8.0,3.0,387.0,4.3,0.0,0.0,0.0,0.0,0.0,0.0,0.0,0.0,0.3,0.3,0.5,0.8,F,unknown,175.0,64.0,0
Sheffield,Chris Basham,ENG,"DF,MF",35.0,8.0,3.0,321.0,3.6,0.0,0.0,0.0,0.0,0.0,0.0,1.0,0.0,0.1,0.1,0.3,0.4,DF-MF,Right,185.0,84.0,"￡ 15,000"
Sheffield,Rhian Brewster,ENG,"FW,MF",23.0,11.0,3.0,307.0,3.4,0.0,0.0,0.0,0.0,0.0,0.0,0.0,1.0,0.3,0.3,0.1,0.4,FW,Right,177.0,73.0,"￡ 35,000"
Sheffield,Mason Holgate,ENG,DF,27.0,3.0,3.0,192.0,2.1,0.0,0.0,0.0,0.0,0.0,0.0,1.0,1.0,0.4,0.4,0.0,0.4,DF,Right,184.0,73.0,"￡ 70,000"
Sheffield,Tom Davies,ENG,MF,25.0,9.0,2.0,221.0,2.5,0.0,0.0,0.0,0.0,0.0,0.0,2.0,0.0,0.4,0.4,0.1,0.4,MF,Right,180.0,69.0,"￡ 30,000"
Sheffield,Rhys Norrington-davies,WAL,DF,24.0,5.0,2.0,110.0,1.2,0.0,0.0,0.0,0.0,0.0,0.0,1.0,0.0,0.0,0.0,0.0,0.0,DF-MF,Left,170.0,62.0,"￡ 4,000"
Sheffield,Oliver Arblaster,ENG,MF,19.0,2.0,1.0,106.0,1.2,0.0,0.0,0.0,0.0,0.0,0.0,0.0,0.0,0.0,0.0,0.0,0.1,M,unknown,182.1,73.7,0
Sheffield,John Fleck,SCO,"MF,DF",32.0,4.0,1.0,92.0,1.0,0.0,0.0,0.0,0.0,0.0,0.0,1.0,0.0,0.0,0.0,0.4,0.4,FW-MF,Left,169.0,68.0,"￡ 25,000"
Sheffield,Antwoine Hackford,ENG,FW,19.0,2.0,0.0,13.0,0.1,0.0,0.0,0.0,0.0,0.0,0.0,0.0,0.0,0.0,0.0,0.0,0.0,FW,Right,177.0,68.0,0
Sheffield,Sydie Peck,ENG,MF,19.0,1.0,0.0,10.0,0.1,0.0,0.0,0.0,0.0,0.0,0.0,0.0,0.0,0.0,0.0,0.0,0.0,unknown,unknown,182.1,73.7,0
Sheffield,Ryan One,SCO,FW,17.0,1.0,0.0,8.0,0.1,0.0,0.0,0.0,0.0,0.0,0.0,0.0,0.0,0.0,0.0,0.0,0.0,M,unknown,182.1,73.7,0
Sheffield,Jordan Amissah,GHA,GK,22.0,0.0,0.0,0.0,0.0,0.0,0.0,0.0,0.0,0.0,0.0,0.0,0.0,0.0,0.0,0.0,0.0,GK,Right,197.0,73.7,0
Sheffield,Billy Blacker,ENG,FW,17.0,0.0,0.0,0.0,0.0,0.0,0.0,0.0,0.0,0.0,0.0,0.0,0.0,0.0,0.0,0.0,0.0,unknown,unknown,182.1,73.7,0
Sheffield,Jili Buyabu,ENG,MF,22.0,0.0,0.0,0.0,0.0,0.0,0.0,0.0,0.0,0.0,0.0,0.0,0.0,0.0,0.0,0.0,0.0,MF,Left,169.0,73.7,0
Sheffield,Ismaila Cheick Coulibaly,MLI,MF,23.0,0.0,0.0,0.0,0.0,0.0,0.0,0.0,0.0,0.0,0.0,0.0,0.0,0.0,0.0,0.0,0.0,MF,Right,183.0,79.0,0
Sheffield,Sam Curtis,IRL,DF,18.0,0.0,0.0,0.0,0.0,0.0,0.0,0.0,0.0,0.0,0.0,0.0,0.0,0.0,0.0,0.0,0.0,unknown,unknown,182.1,73.7,0
Sheffield,Adam Davies,WAL,GK,31.0,0.0,0.0,0.0,0.0,0.0,0.0,0.0,0.0,0.0,0.0,0.0,0.0,0.0,0.0,0.0,0.0,GK,Right,191.0,74.0,"￡ 25,000"
Sheffield,Louie Marsh,ENG,FW,20.0,0.0,0.0,0.0,0.0,0.0,0.0,0.0,0.0,0.0,0.0,0.0,0.0,0.0,0.0,0.0,0.0,unknown,unknown,182.1,73.7,0
Sheffield,Dovydas Sasnauskas,LIT,DF,18.0,0.0,0.0,0.0,0.0,0.0,0.0,0.0,0.0,0.0,0.0,0.0,0.0,0.0,0.0,0.0,0.0,unknown,unknown,182.1,73.7,0
Sheffield,Femi Seriki,ENG,DF,21.0,0.0,0.0,0.0,0.0,0.0,0.0,0.0,0.0,0.0,0.0,0.0,0.0,0.0,0.0,0.0,0.0,D,unknown,182.1,73.7,"￡ 10,000"
